club_id,name,short_name,city,region,founded,crest,status,successor_club_id,notes
MW_U16_BLU,Blantyre United,Blantyre United,Blantyre,South,,,active,,
MW_U16_LLC,Lilongwe City,Lilongwe City,Lilongwe,South,,,active,,
MW_U16_MZU,Mzuzu FC,Mzuzu FC,Mzuzu,South,,,active,,
MW_U16_ZOM,FC Zomba,FC Zomba,Zomba,South,,,active,,
MW_U16_BFC,Blantyre FC,Blantyre FC,Blantyre,South,,,active,,
MW_U16_SMU,South Malawi United,South Malawi United,Blantyre,South,,,active,,
MW_U16_ZU,Zomba United,Zomba United,Zomba,South,,,active,,
MW_U16_CWW,Chikwawa,Chikwawa,Chikwawa,South,,,active,,
MW_U16_LFC,Lunzu FC,Lunzu FC,Lunzu,South,,,active,,
MW_U16_MU,Machinga United,Machinga United,Machinga,South,,,active,,
MW_U16_MFC,Mwanza FC,Mwanza FC,Mwanza,South,,,active,,
MW_U16_LA,Liwonde Athletic,Liwonde Athletic,Liwonde,South,,,active,,
MW_BLUE,Blue Eagles,Blue Eagles,Lilongwe,,,SL_BE.png,active,,
MW_MW,Mighty Wanderers,Mighty Wanderers,Blantyre,,,SL_MW.png,active,,
MW_SS,Silver Strikers,Silver Strikers,Lilongwe,,,SL_SS.png,active,,
MW_BULL,Nyasa Big Bullets,Bullets,Blantyre,South,1967,SL_NBB.png,active,,
MW_REDL,Red Lions,Red Lions,Zomba,,,SL_RL.png,active,,
MW_MFC,Masters FC,Masters,Lilongwe,,,SL_MFC.png,active,,
MW_EFC,Ekhaya FC,Ekhaya,Blantyre,,,SL_EFC.png,active,,
MW_MB,Moyale Barracks,Moyale,Mzuzu,,,SL_MB.png,active,,
MW_MAFC,MAFCO F.C.,MAFCO,Salima,,,SL_MAF.png,active,,
MW_CS,Creck Sporting,Creck,Lilongwe,,,SL_CS.png,active,,
MW_KU,Karonga United,Karonga,Karonga,,,SL_KU.png,active,,
MW_CSU,Civil Service United,Civil Service,Lilongwe,,,SL_CSU.png,active,,
MW_LM,Luanar Mitundu,Luanar,Lilongwe,,,SL_LM.png,active,,
MW_CU,Chitipa United,Chitipa,Chitipa,,,SL_CU.png,active,,
MW_DD,Dedza Dynamos,Dedza Dynamos,Dedza,,,SL_GSD.png,active,,
MW_KB,Kamuzu Barracks,Kamuzu,Lilongwe,,,SL_KB.png,active,,
MW_SBU,Songwe Board United,Songwe,Karonga,,,NDL_SBU.png,active,,
MW_EU,Embangweni United,Embangweni,Lilongwe,,,NDL_EU.png,active,,
MW_EXFC,Extreme FC,Extreme,Lilongwe,,,NDL_EFC.png,active,,
MW_NS,Ndirande Stars,Ndirande,Blantyre,,,NDL_NS.png,active,,
MW_NU,Ntaja United,Ntaja,Machinga,,,NDL_NU.png,active,,
MW_FFC,FOMO FC,FOMO,Mulanji,,,NDL_FFC.png,active,,
MW_MCH,Mzuzu City Hammers FC,Mzuzu City,Mzuzu,,,NDL_MCH.png,active,,
MW_CBWE,Chilobwe United,Chilobwe,Blantyre,,,NDL_CU.png,active,,
MW_MT,Mighty Tigers,Tigers,Blantyre,,,NDL_MT.png,active,,
MW_NZ,Namitete Zitha,Namitete,Lilongwe,,,NDL_NZ.png,active,,
MW_BAS,Bangwe All Stars,Bangwe,Bangwe,,,NDL_BAS.png,active,,
MW_CB,Changalume Barracks,Changalume,Zomba,,,NDL_CB.png,active,,
MW_ASA,Ascent Soccer-Academy,Ascent,Blantyre,,,WP_ASA.png,active,,
MW_MDF,MDF Lioness,MDF,Lilongwe,,,WP_MDF.png,active,,
MW_KNW,Kukoma Ntopwa Women,Kukoma,Blantyre,,,WP_KNW.png,active,,
MW_TA,Topik Academy,Topik,Mzuzu,,,WP_TA.png,active,,
MW_MKA,MK Academy Women,MK Academy,Mzuzu,,,WP_MKA.png,active,,
MW_NFC,Ntopwa FC,Ntopwa,Blantyre,South,,SRFA_NFC.png,active,,
MW_MWU,Mwanza United,Mwanza,Mwanza,South,,SRFA_MU.png,active,,
MW_LBTY,Liberty FC,Liberty,Blantyre,South,,SRFA_LFC.png,active,,
MW_IFC,Immigration FC,Immigration,Blantyre,South,,SRFA_IFC.png,active,,
MW_ZU,Zingwangwa United,Zingwangwa,Blantyre,South,,SRFA_ZU.png,active,,
MW_CHIR,Chiradzulu United,Chiradzulu,Chiladzulu,South,,SRFA_CU.png,active,,
MW_TB,The Boyz SFC,Boyz,Chilomoni,South,,SRFA_TB.png,active,,
MW_NCH,Nchima United,Nchima,Thyolo,South,,SRFA_NU.png,active,,
MW_QAS,QPL All Stars,QPL,Blantyre,South,,SRFA_QAS.png,active,,
MW_MS,Mwanza Stars,Mwanza,Mwanza,South,,SRFA_MS.png,active,,
MW_CFC,Chilomoni FC,Chilomoni,Blantyre,South,,SRFA_CFC.png,active,,
MW_FCT,FC Thondwe,Thondwe,Blantyre,South,,SRFA_FCT.png,active,,
MW_NY,Nyambadwe United,Nyambadwe,Blantyre,South,,SRFA_NY.png,active,,
MW_MCHS,Mchinji Strikers,,Mchinji,Central,,CRFA_MS.png,active,,
MW_SA,Santhe Admarc FC,,,Central,,CRFA_SA.png,active,,
MW_KFC,Kalembelembe FC,,,Central,,CRFA_KFC.png,active,,
MW_MV,Mchinji Villa FC,,Mchinji,Central,,CRFA_MV.png,active,,
MW_TNS,TN Stars,,Kasungu,Central,,CRFA_TNS.png,active,,
MW_MC,Manzo Chisomo FC,,Kasungu,Central,,CRFA_MC.png,active,,
MW_AB,Armour Battalion,,,Central,,CRFA_AB.png,active,,
MW_AR,Airborne Rangers FC,,Salima,Central,,CRFA_AR.png,active,,
MW_CSFC,Chimbiya Stars FC,,Dedza,Central,,CRFA_CS.png,active,,
MW_PFC,Pyramid FC,,Lilongwe,Central,,CRFA_PFC.png,active,,
MW_MU,Mbabzi United,,Mbabzi,Central,,CRFA_MU.png,active,,
MW_NAA,Ngw'Angw'Azi Wimbe FC,,,Central,,CRFA_NAA.png,active,,
MW_LFC,Luanar FC,,,Central,,CRFA_LFC.png,active,,
MW_MPFC,Mponela FC,,Mponela,Central,,CRFA_MFC.png,active,,
MW_CRS,Chibavi Real Stars FC,,Mzuzu,North,,NRFA_CRS.png,active,,
MW_CAS,Chihame All Stars FC,,,North,,NRFA_CAS.png,active,,
MW_CHB,Chilumba Barracks FC,,,North,,NRFA_CB.png,active,,
MW_CHIP,Chipolopolo FC,,,North,,NRFA_CFC.png,active,,
MW_CHIN,Chintheche United FC,,,North,,NRFA_CU.png,active,,
MW_CZU,Chizumulu United FC,,Chizumulu Island,North,,NRFA_CZU.png,active,,
MW_EKW,Ekwendeni FC,,,North,,NRFA_EFC.png,active,,
MW_EV,Euthini Veterans FC,,Euthini,North,,NRFA_EV.png,active,,
MW_JU,Jenda United FC,,,North,,NRFA_JU.png,active,,
MW_LUMA,Lube Masters FC,,Mzuzu,North,,NRFA_LM.png,active,,
MW_LVFC,Luviri FC FC,,,North,,NRFA_LFC.png,active,,
MW_MMW,Mmbelwa Warriors FC,,Mzimba,North,,NRFA_MW.png,active,,
MW_RFC,Raiply FC,,Mzimba,North,,NRFA_RFC.png,active,,
MW_MAFU,MAFU FC,,,North,,NRFA_MFC.png,active,,
MW_VSA,Vision S Academy,,,North,,NRFA_VSA.png,active,,
MW_YY,Yizo Yizo,,,South,,KU19_YY.png,active,,
MW_MM,Manchester Motors,,,South,,KU19_MM.png,active,,
MW_CCS,CC Stars,,,South,,,active,,
MW_A,Airsport,,,South,,,active,,
MW_GS,Griffin Stars,,,South,,,active,,
MW_BIA,Brothers in Arms,,Blantyre,South,,KU19_BIA.png,active,,
MW_AS,Agumbala Stars,,Blantyre,South,,,active,,
MW_RU,Rams United,,,South,,,active,,
MW_ND,Ndirande Dortmund,,,South,,KU19_ND.png,active,,
MW_SM,Soche Madrid,,Blantyre,South,,KU19_SM.png,active,,
MW_EH,Extending Hope,,,South,,,active,,
MW_POYA,Poya FC,,Chiradzulu,South,,,active,,
MW_MAS,Mazabuka All Stars,,Luchenza,South,,SRFA2_MAS.png,active,,
MW_LIM,Limbe Sporting,,Blantyre,South,,SRFA2_LIM.png,active,,
MW_LUN,Lunzu Sundowns,,Lunzu,South,,SRFA2_LUN.png,active,,
MW_GU,Gada United,,Lunzu,South,,SRFA2_GU.png,active,,
MW_MICH,Michigan Select,,Blantyre,South,,,active,,
MW_MYS,Mpemba Young Soccer,,Mpemba,South,,,active,,
MW_NYG,Neno Young Giants,,Neno,South,,,active,,
MW_MNTI,Mnthunzi FC,,Blantyre,South,,,active,,
MW_MUB,MUBAS,,Blantyre,South,,,active,,
MW_PSS,PS Sporting,,Blantyre,South,,SRFA2_PSS.png,active,,
MW_H,Hardknockers,,Bangwe,South,,,active,,
MW_CUNI,Catholic University,,Nguludi,South,,,active,,
MW_THYO,Thyolo United,,,South,,,active,,
MW_LIKUNI,Likuni FC,,,Central,,CRFA2_LIKUNI.png,active,,
MW_MIKUNDI,Mikundi FC,,,Central,,,active,,
MW_GANN,Ganners FC,,,Central,,,active,,
MW_BOBOMB,Balang'Ombre Bombers,,,Central,,,active,,
MW_SALSPA,Salima Sparrows,,,Central,,,active,,
MW_SIMBI,Simbi FC,,,Central,,,active,,
MW_MSPIRATE,Make Sure Pirates,,,Central,,,active,,
MW_KASASUN,Kasakula Sundowns,,,Central,,,active,,
MW_MTHUN,Mthunthama Young Squad,,,Central,,,active,,
MW_LOBIYS,Lobi Young Soccer FC,,,Central,,,active,,
MW_YOUNGT,Young Talent,,,Central,,,active,,
MW_DWANGWA,Dwangwa United,,,Central,,,active,,
MW_CHIGU_A,Chigumula Academy,,,South,,BDU16_CHIG.png,active,,
MW_ASSIMA,ASSIMA,,,South,,,active,,
MW_CHITS_U,Chitsanya United,,,South,,,active,,
MW_BCSD,BCSD,,,South,,,active,,
MW_MTOPWA,Mtopwa,,,South,,,active,,
MW_BFC,Blantyre FC,,Blantyre,South,,,active,,
MW_NTH_ACA,Nthutha Academy,,,South,,,active,,
MW_MISSION,Mission BT,,,South,,,active,,
MW_GENESIS,Genesis,,,South,,,active,,
MW_MPINGWE,Mpingwe United,,,South,,,active,,
MW_GREEN,Green Stars,,,South,,,active,,
MW_FUTURE,Future Stars,,,South,,,active,,
MW_KAKA,Kaka Young Soccer,,,South,,,active,,
MW_NEWLANDS,Sniper FC,,,South,,,active,,
MW_APOS,Apostle Hulhda FC,,,Central,,,active,,
MW_DYER,Dyeratu FC,,,Central,,,active,,
MW_ERGO,Ergo FC,,,Central,,,active,,
MW_MPHA,Mphangala FC,,,Central,,,active,,
MW_KA,Kangaroo Academy,Kangaroo Academy,,SRFA,,,,,
MW_GR,Ginger Rhizome,Ginger Rhizome,,SRFA,,,,,
MW_LB,Last Babies,Last Babies,,SRFA,,,,,
MW_TACH,Tachila FC,Tachila FC,,SRFA,,,,,
MW_ZA,Zarie Academy,Zarie Academy,,SRFA,,,,,
MW_JA,JZ Academy,JZ Academy,,SRFA,,,,,
MW_RE,Red Eagles,Red Eagles,,SRFA,,,,,
MW_CHIG,Chigumula,Chigumula,,SRFA,,,,,
MW_FU,Federation United,Federation United,,SRFA,,,,,
MW_LA,Lunzu Academy,Lunzu Academy,,SRFA,,,,,
MW_SB,Super Boys,Super Boys,,SRFA,,,,,
MW_HEBW,High Energy Brave Warriors,High Energy Brave Warriors,,SRFA,,,,,
MW_MA,MK Academy,MK Academy,,,,,,,
MW_A1A,Area 1B Academy,Area 1B Academy,,,,,,,
MW_MMM,Mpira mmudzi mwathu,Mpira mmudzi mwathu,,,,,,,
MW_YB,Young Buffaloes,Young Buffaloes,,,,,,,
MW_VFA,Vuwa Football Academy,Vuwa Football Academy,,,,,,,
MW_MWH,Mseteka Welding Hammers,Mseteka Welding Hammers,,,,,,,
MW_CRS2,Chibavi Real stars,Chibavi Real stars,,,,,,,
MW_GS2,Golden Stars,Golden Stars,,,,,,,
MW_VA,Vision Academy,Vision Academy,,,,,,,
MW_MCHY,Mzuzu City Hammers Youth,Mzuzu City Hammers Youth,,,,,,,
MW_MT2,Mzuzu Tigers,Mzuzu Tigers,,,,,,,
MW_CP,Chibavi Police,Chibavi Police,,,,,,,
MW_CU2,Chiputula United,Chiputula United,,,,,,,
MW_MA2,Mzuzu Academy,Mzuzu Academy,,,,,,,
MW_KU2,Katoto United,Katoto United,,,,,,,
MW_VSA2,Vision Soccer Academy,Vision Soccer Academy,,,,,,,
MW_VA2,Vuwa Academy,Vuwa Academy,,,,,,,
MW_HW,Hive Warriors,Hive Warriors,,,,,,,
MW_GA,Geisha Academy,Geisha Academy,,,,,,,
MW_MW2,Mseteka Welding,Mseteka Welding,,,,,,,
MW_CA,Cyclones Academy,Cyclones Academy,,,,,,,
MW_HY,Hammers Youth,Hammers Youth,,,,,,,
MW_HU,Hilltop United,Hilltop United,,,,,,,
MW_NU2,Nthalire United,Nthalire United,,NRFA,,,,,
MW_MZWA,Mzwawa FC,Mzwawa FC,,NRFA,,,,,
MW_WOVW,Wovwe FC,Wovwe FC,,NRFA,,,,,
MW_KAPO,Kapotolora FC,Kapotolora FC,,NRFA,,,,,
MW_MHUJ,Mhuju FC,Mhuju FC,,NRFA,,,,,
MW_AS2,Air Sport FC,Air Sport FC,,NRFA,,,,,
MW_THUM,Thumbi FC,Thumbi FC,,NRFA,,,,,
MW_MPHO,Mphompha FC,Mphompha FC,,NRFA,,,,,
MW_CHIT,Chitokoto FC,Chitokoto FC,,NRFA,,,,,
MW_NAD,NAD FC,NAD FC,,NRFA,,,,,
MW_BU,Bwabwa United,Bwabwa United,,NRFA,,,,,
MW_KAMS,Kamsolo FC,Kamsolo FC,,NRFA,,,,,
MW_EA,Euthin Arrows FC,Euthin Arrows FC,,NRFA,,,,,
MW_CHAM,Chamaliwa FC,Chamaliwa FC,,NRFA,,,,,
MW_MADE,Madede FC,Madede FC,,NRFA,,,,,
MW_MALI,Malidade FC,Malidade FC,,NRFA,,,,,
MW_TR,Tough Rangers,Tough Rangers,,NRFA,,,,,
MW_SU,Sonda United,Sonda United,,NRFA,,,,,
MW_MR,Moyale Reserve FC,Moyale Reserve FC,,NRFA,,,,,
MW_BS,Blue Spot FC,Blue Spot FC,,NRFA,,,,,
MW_MTR,Mzuzu Town Rangers,Mzuzu Town Rangers,,NRFA,,,,,
MW_MA3,Masamba Asiyana FC,Masamba Asiyana FC,,NRFA,,,,,
MW_CHIP2,Chipelembe FC,Chipelembe FC,,NRFA,,,,,
MW_LIKO,Likoma FC,Likoma FC,,NRFA,,,,,
MW_SOLO,Solora FC,Solora FC,,NRFA,,,,,
MW_CR,Chikaya Rangers,Chikaya Rangers,,NRFA,,,,,
MW_KHK,Kazomba Hard Knockers,Kazomba Hard Knockers,,NRFA,,,,,
MW_DB,Danger Boys FC,Danger Boys FC,,NRFA,,,,,
MW_ESIG,Esigohlen FC,Esigohlen FC,,NRFA,,,,,
MW_LUWE,Luwerezi FC,Luwerezi FC,,NRFA,,,,,
MW_KHOS,Khosolo FC,Khosolo FC,,NRFA,,,,,
MW_MU2,Mzimba United FC,Mzimba United FC,,NRFA,,,,,
MW_MGU,MH Galaxy U14,MH Galaxy U14,,,,,,,
MW_MUU,MH United U14,MH United U14,,,,,,,
MW_MAU,Muft Abbas U14,Muft Abbas U14,,,,,,,
MW_MU3,Mpondas U14,Mpondas U14,,,,,,,
MW_MU4,Mgundaphiri U14,Mgundaphiri U14,,,,,,,
MW_GU2,Grassland FC U14,Grassland FC U14,,,,,,,
MW_TVU,Team Viewer FC U14,Team Viewer FC U14,,,,,,,
MW_AU,Adidya U14,Adidya U14,,,,,,,
MW_MVU,MH Villa U14,MH Villa U14,,,,,,,
MW_AU2,Aseleka U14,Aseleka U14,,,,,,,
MW_UKAU,Uwe Kicks Academy U14,Uwe Kicks Academy U14,,,,,,,
MW_MU5,Mtimbanje U14,Mtimbanje U14,,,,,,,
MW_MUU2,MH United FC U20,MH United FC U20,,,,,,,
MW_AAU,Adidya Academy U20,Adidya Academy U20,,,,,,,
MW_MVU2,MH Villa FC U20,MH Villa FC U20,,,,,,,
MW_CU3,Chipoka U20,Chipoka U20,,,,,,,
MW_MGU2,MH Galaxy FC U20,MH Galaxy FC U20,,,,,,,
MW_PUU,Prison United U20,Prison United U20,,,,,,,
MW_MU6,Mtimbanje FC U20,Mtimbanje FC U20,,,,,,,
MW_ZU2,Zonde FC U20,Zonde FC U20,,,,,,,
MW_YWU,Young Warriors U20,Young Warriors U20,,,,,,,
MW_SAU,Saint Academy U20,Saint Academy U20,,,,,,,
MW_MGRU,MH Galaxy Reserve U16,MH Galaxy Reserve U16,,,,,,,
MW_MVRU,MH Villa Reserve U16,MH Villa Reserve U16,,,,,,,
MW_MRU,Mtimbanje Reserve U16,Mtimbanje Reserve U16,,,,,,,
MW_MU7,Mpondas FC U16,Mpondas FC U16,,,,,,,
MW_MU8,Mgundaphiri FC U16,Mgundaphiri FC U16,,,,,,,
MW_CRU,Chipoka Reserve U16,Chipoka Reserve U16,,,,,,,
MW_MAAU,Muft Abbas Academy U16,Muft Abbas Academy U16,,,,,,,
MW_AAU2,Aseleka Academy U16,Aseleka Academy U16,,,,,,,
MW_ARU,Adidya Reserve U16,Adidya Reserve U16,,,,,,,
MW_PURU,Prison United Reserve U16,Prison United Reserve U16,,,,,,,
MW_EAU,El'Simango Academy U16,El'Simango Academy U16,,,,,,,
MW_YWRU,Young Warriors Reserve U16,Young Warriors Reserve U16,,,,,,,
