goal_id,match_id,team_id,player_name,player_id,minute,stoppage,period,goal_type,assist_player_id,source_type,source_ref,reported_by,reported_at,confidence,verified_by,verified_at
1,1,LESOTHO_M,Makara Ntaitsane,INT_LES_Ntaitsane,87,,2h,,,wikipedia,https://en.wikipedia.org/wiki/Malawi_national_football_team#2026,,,,,
2,3,ANGOLA_M,Randy Nteka,INT_ANG_NTEKA,48,,2h,,,wikipedia,https://en.wikipedia.org/wiki/Malawi_national_football_team#2027,,,,,
3,4,MW_M,Richard Mbulu,CAF_MW_000523,5,,1h,,,wikipedia,https://en.wikipedia.org/wiki/Malawi_national_football_team#2028,,,,,
4,4,MW_M,Gabadinho Mhango,CAF_MW_000496,53,,2h,,,wikipedia,https://en.wikipedia.org/wiki/Malawi_national_football_team#2029,,,,,
5,4,NAMIBIA_M,Dawid Ndeunyema,INT_NAM_NDEUNYEMA,86,,2h,,,wikipedia,https://en.wikipedia.org/wiki/Malawi_national_football_team#2030,,,,,
6,5,MW_M,Gabadinho Mhango,CAF_MW_000496,72,,2h,,,wikipedia,https://en.wikipedia.org/wiki/Malawi_national_football_team#2031,,,,,
7,5,MW_M,Chawanangwa Kawonga,CAF_MW_000527,80,,2h,,,wikipedia,https://en.wikipedia.org/wiki/Malawi_national_football_team#2032,,,,,
8,5,LIBERIA_M,Ayouba Kosiah,INT_LIB_KOSIAH,3,,1h,,,wikipedia,https://en.wikipedia.org/wiki/Malawi_national_football_team#2033,,,,,
9,5,LIBERIA_M,Ayouba Kosiah,INT_LIB_KOSIAH,61,,2h,,,wikipedia,https://en.wikipedia.org/wiki/Malawi_national_football_team#2034,,,,,
84,41,CAMEROON,Marie Ngah,,20,,,,,,,,,,,
10,7,SAO_TOME_M,Ronaldo Afonso,INT_SAO_AFONSO,62,,2h,penalty,,wikipedia,https://en.wikipedia.org/wiki/Malawi_national_football_team#2035,,,,,
85,41,CAMEROON,Marie Ngah,,45+3,,,,,,,,,,,
11,9,MW_M,Mayele Malango,CAF_MW_000526,25,,1h,,,wikipedia,https://en.wikipedia.org/wiki/Malawi_national_football_team#2036,,,,,
86,41,CAMEROON,Naomi Eto,,29,,,,,,,,,,,
12,11,BOTSWANA_M,Kamogelo Moloi,INT_BOT_MOLOI,66,,2h,,,wikipedia,https://en.wikipedia.org/wiki/Malawi_national_football_team#2037,,,,,
13,12,ETHIOPIA_M,Fitsum Tilahun,INT_ETH_TILAHUN,1,,1h,,,wikipedia,https://en.wikipedia.org/wiki/Malawi_national_football_team#2038,,,,,
14,13,MW_M,Babatunde Adepoju,CAF_MW_000522,19,,1h,,,wikipedia,https://en.wikipedia.org/wiki/Malawi_national_football_team#2039,,,,,
16,20,MW_W,Tabitha Chawinga,CAF_MW_000503,27,,1h,penalty,,wikipedia,https://en.wikipedia.org/wiki/Malawi_women's_national_football_team#Results_and_fixtures,,,,,
17,20,MW_W,Rose Kadzere,CAF_MW_000513,35,,1h,,,wikipedia,https://en.wikipedia.org/wiki/Malawi_women's_national_football_team#Results_and_fixtures,,,,,
18,20,MOROCCO_W,Bernadette Mkandawire,MW_W_003,40,,1h,own goal,,wikipedia,https://en.wikipedia.org/wiki/Malawi_women's_national_football_team#Results_and_fixtures,,,,,
19,20,MOROCCO_W,Sakina Ouzraoui,W_INT_MOR_001,42,,1h,,,wikipedia,https://en.wikipedia.org/wiki/Malawi_women's_national_football_team#Results_and_fixtures,,,,,
20,20,MOROCCO_W,Ibtissam Jraïdi,W_INT_MOR_002,56,,2h,,,wikipedia,https://en.wikipedia.org/wiki/Malawi_women's_national_football_team#Results_and_fixtures,,,,,
21,20,MOROCCO_W,Kenza Chapelle,W_INT_MOR_003,90,2,2h,,,wikipedia,https://en.wikipedia.org/wiki/Malawi_women's_national_football_team#Results_and_fixtures,,,,,
22,21,MW_W,Tendai Sani,CAF_MW_000536,15,,1h,,,wikipedia,https://en.wikipedia.org/wiki/Malawi_women's_national_football_team#Results_and_fixtures,,,,,
23,21,GHANA_W,Doris Boaduwaa,W_INT_GHANA_001,23,,1h,penalty,,wikipedia,https://en.wikipedia.org/wiki/Malawi_women's_national_football_team#Results_and_fixtures,,,,,
24,21,GHANA_W,Doris Boaduwaa,W_INT_GHANA_001,32,,1h,,,wikipedia,https://en.wikipedia.org/wiki/Malawi_women's_national_football_team#Results_and_fixtures,,,,,
25,21,GHANA_W,Doris Boaduwaa,W_INT_GHANA_001,81,,2h,,,wikipedia,https://en.wikipedia.org/wiki/Malawi_women's_national_football_team#Results_and_fixtures,,,,,
26,22,MW_W,Asimenye Simwaka,CAF_MW_000528,7,,1h,,,wikipedia,https://en.wikipedia.org/wiki/Malawi_women's_national_football_team#Results_and_fixtures,,,,,
27,22,MW_W,Asimenye Simwaka,CAF_MW_000528,34,,1h,,,wikipedia,https://en.wikipedia.org/wiki/Malawi_women's_national_football_team#Results_and_fixtures,,,,,
28,22,MW_W,Sabinah Thom,CAF_MW_000525,77,,2h,,,wikipedia,https://en.wikipedia.org/wiki/Malawi_women's_national_football_team#Results_and_fixtures,,,,,
29,23,MW_W,Asimenye Simwaka,CAF_MW_000528,45,4,1h,,,wikipedia,https://en.wikipedia.org/wiki/Malawi_women's_national_football_team#Results_and_fixtures,,,,,
30,23,MW_W,Asimenye Simwaka,CAF_MW_000528,71,,2h,,,wikipedia,https://en.wikipedia.org/wiki/Malawi_women's_national_football_team#Results_and_fixtures,,,,,
31,23,MW_W,Asimenye Simwaka,CAF_MW_000528,75,,2h,,,wikipedia,https://en.wikipedia.org/wiki/Malawi_women's_national_football_team#Results_and_fixtures,,,,,
32,25,MW_W,Faith Chinzimu,CAF_MW_000538,82,,2h,,,wikipedia,https://en.wikipedia.org/wiki/Malawi_women's_national_football_team#Results_and_fixtures,,,,,
33,25,MW_W,Faith Chinzimu,CAF_MW_000538,84,,2h,,,wikipedia,https://en.wikipedia.org/wiki/Malawi_women's_national_football_team#Results_and_fixtures,,,,,
34,26,MW_W,Faith Chinzimu,CAF_MW_000538,40,,1h,,,wikipedia,https://en.wikipedia.org/wiki/Malawi_women's_national_football_team#Results_and_fixtures,,,,,
35,26,ZIMBABWE_W,Ethel Chinyerere,W_INT_ZIM_001,3,,1h,,,wikipedia,https://en.wikipedia.org/wiki/Malawi_women's_national_football_team#Results_and_fixtures,,,,,
36,26,ZIMBABWE_W,Ethel Chinyerere,W_INT_ZIM_001,37,,1h,,,wikipedia,https://en.wikipedia.org/wiki/Malawi_women's_national_football_team#Results_and_fixtures,,,,,
37,27,MW_W,Rose Kadzere,CAF_MW_000513,56,,2h,,,wikipedia,https://en.wikipedia.org/wiki/Malawi_women's_national_football_team#Results_and_fixtures,,,,,
38,27,ZAMBIA_W,Natasha Nanyangwe,W_INT_ZAM_001,65,,2h,,,wikipedia,https://en.wikipedia.org/wiki/Malawi_women's_national_football_team#Results_and_fixtures,,,,,
39,28,RSA_W,Sibulele Holweni,W_INT_RSA_001,63,,2h,,,wikipedia,https://en.wikipedia.org/wiki/Malawi_women's_national_football_team#Results_and_fixtures,,,,,
40,28,RSA_W,Bonolo Mokoma,W_INT_RSA_002,90,1,2h,,,wikipedia,https://en.wikipedia.org/wiki/Malawi_women's_national_football_team#Results_and_fixtures,,,,,
41,29,MW_W,Ireen Khumalo,CAF_MW_000501,4,,1h,,,wikipedia,https://en.wikipedia.org/wiki/Malawi_women's_national_football_team#Results_and_fixtures,,,,,
42,29,MW_W,Ireen Khumalo,CAF_MW_000501,44,,1h,,,wikipedia,https://en.wikipedia.org/wiki/Malawi_women's_national_football_team#Results_and_fixtures,,,,,
43,29,MW_W,Deborah Henry,CAF_MW_000508,10,,1h,,,wikipedia,https://en.wikipedia.org/wiki/Malawi_women's_national_football_team#Results_and_fixtures,,,,,
44,29,MW_W,Deborah Henry,CAF_MW_000508,11,,1h,,,wikipedia,https://en.wikipedia.org/wiki/Malawi_women's_national_football_team#Results_and_fixtures,,,,,
45,29,MW_W,Deborah Henry,CAF_MW_000508,45,2,1h,,,wikipedia,https://en.wikipedia.org/wiki/Malawi_women's_national_football_team#Results_and_fixtures,,,,,
46,29,MW_W,Vanessa Chikupira,CAF_MW_000494,39,,1h,,,wikipedia,https://en.wikipedia.org/wiki/Malawi_women's_national_football_team#Results_and_fixtures,,,,,
47,29,MW_W,Vitumbiko Mkandawire,CAF_MW_000505,50,,2h,,,wikipedia,https://en.wikipedia.org/wiki/Malawi_women's_national_football_team#Results_and_fixtures,,,,,
48,29,MW_W,Olivia Phikani,CAF_MW_000521,57,,2h,,,wikipedia,https://en.wikipedia.org/wiki/Malawi_women's_national_football_team#Results_and_fixtures,,,,,
49,29,LESOTHO_W,Makhotso Moalosi,W_INT_LES_001,71,,2h,,,wikipedia,https://en.wikipedia.org/wiki/Malawi_women's_national_football_team#Results_and_fixtures,,,,,
50,30,MW_W,Ireen Khumalo,CAF_MW_000501,77,,2h,,,wikipedia,https://en.wikipedia.org/wiki/Malawi_women's_national_football_team#Results_and_fixtures,,,,,
51,31,AUSTRALIA_W,Emily van Egmond,W_INT_AUS_001,5,,1h,,,wikipedia,https://en.wikipedia.org/wiki/Malawi_women's_national_football_team#Results_and_fixtures,,,,,
52,31,AUSTRALIA_W,Sam Kerr,W_INT_AUS_002,41,,1h,,,wikipedia,https://en.wikipedia.org/wiki/Malawi_women's_national_football_team#Results_and_fixtures,,,,,
53,31,AUSTRALIA_W,Alex Chidiac,W_INT_AUS_003,60,,1h,,,wikipedia,https://en.wikipedia.org/wiki/Malawi_women's_national_football_team#Results_and_fixtures,,,,,
54,31,AUSTRALIA_W,Holly McNamara,W_INT_AUS_004,86,,2h,,,wikipedia,https://en.wikipedia.org/wiki/Malawi_women's_national_football_team#Results_and_fixtures,,,,,
55,31,AUSTRALIA_W,Leticia McKenna,W_INT_AUS_005,90,4,2h,,,wikipedia,https://en.wikipedia.org/wiki/Malawi_women's_national_football_team#Results_and_fixtures,,,,,
56,32,MW_W,Ireen Khumalo,CAF_MW_000501,43,,1h,,,wikipedia,https://en.wikipedia.org/wiki/Malawi_women's_national_football_team#Results_and_fixtures,,,,,
57,32,MW_W,Deborah Henry,CAF_MW_000508,60,,2h,,,wikipedia,https://en.wikipedia.org/wiki/Malawi_women's_national_football_team#Results_and_fixtures,,,,,
58,32,INDIA_W,Astam Oraon,W_INT_IND_001,19,,1h,,,wikipedia,https://en.wikipedia.org/wiki/Malawi_women's_national_football_team#Results_and_fixtures,,,,,
59,32,INDIA_W,Aveka Singh,W_INT_IND_002,45,1,1h,,,wikipedia,https://en.wikipedia.org/wiki/Malawi_women's_national_football_team#Results_and_fixtures,,,,,
60,32,INDIA_W,Priyadharshini Selladurai,W_INT_IND_003,84,,2h,,,wikipedia,https://en.wikipedia.org/wiki/Malawi_women's_national_football_team#Results_and_fixtures,,,,,
61,33,TANZANIA_W,Anastazia Katunzi,W_INT_TANZ_001,48,,2h,,,wikipedia,https://en.wikipedia.org/wiki/Malawi_women's_national_football_team#Results_and_fixtures,,,,,
65,36,MW_W,Temwa Chawinga,CAF_MW_000530,73,,2h,,,wikipedia,https://en.wikipedia.org/wiki/2026_Women's_Africa_Cup_of_Nations#Group_C,,,,,
66,36,MW_W,Temwa Chawinga,CAF_MW_000530,90,5,2h,,,wikipedia,https://en.wikipedia.org/wiki/2026_Women's_Africa_Cup_of_Nations#Group_C,,,,,
67,36,MW_W,Tabitha Chawinga,CAF_MW_000503,79,,2h,,,wikipedia,https://en.wikipedia.org/wiki/2026_Women's_Africa_Cup_of_Nations#Group_C,,,,,
68,36,NIGERIA_W,Rasheedat Ajibade,W_INT_NI_001,90,2,2h,penalty,,wikipedia,https://en.wikipedia.org/wiki/2026_Women's_Africa_Cup_of_Nations#Group_C,,,,,
69,36,NIGERIA_W,Uchenna Kanu,W_INT_NI_002,90,9,2h,,,wikipedia,https://en.wikipedia.org/wiki/2026_Women's_Africa_Cup_of_Nations#Group_C,,,,,
70,37,MW_W,Rose Kadzere,CAF_MW_000513,35,,1h,,,wikipedia,https://en.wikipedia.org/wiki/2026_Women's_Africa_Cup_of_Nations#Group_C,,,,,
71,37,MW_W,Faith Chinzimu,CAF_MW_000538,45,2,1h,,,wikipedia,https://en.wikipedia.org/wiki/2026_Women's_Africa_Cup_of_Nations#Group_C,,,,,
72,37,MW_W,Temwa Chawinga,CAF_MW_000530,68,,2h,,,wikipedia,https://en.wikipedia.org/wiki/2026_Women's_Africa_Cup_of_Nations#Group_C,,,,,
73,37,EGYPT_W,Camilla Abouseif,W_INT_EGY_001,71,,2h,,,wikipedia,https://en.wikipedia.org/wiki/2026_Women's_Africa_Cup_of_Nations#Group_C,,,,,
74,38,MW_W,Tabitha Chawinga,CAF_MW_000503,72,,2h,,,fotmob,https://www.fotmob.com/matches/zambia-vs-malawi/141xz4xj6#1000005786:tab=facts,,,,,
75,38,ZAMBIA_W,Barbra Banda,W_INT_ZAM_002,2,,1h,,,fotmob,https://www.fotmob.com/matches/zambia-vs-malawi/141xz4xj6#1000005786:tab=facts,,,,,
76,38,ZAMBIA_W,Prisca Chilufya,W_INT_ZAM_003,37,,1h,,,fotmob,https://www.fotmob.com/matches/zambia-vs-malawi/141xz4xj6#1000005786:tab=facts,,,,,
77,39,MW_W,Temwa Chawinga,CAF_MW_000530,12,,1h,,,wikipedia,https://en.wikipedia.org/wiki/2026_Women's_Africa_Cup_of_Nations#Group_C,,,,,
78,39,MW_W,Rose Kadzere,CAF_MW_000513,79,,2h,,,wikipedia,https://en.wikipedia.org/wiki/2026_Women's_Africa_Cup_of_Nations#Group_C,,,,,
79,39,GHANA_W,Chantelle Boye-Hlorkah,W_INT_GHANA_002,7,,1h,,,wikipedia,https://en.wikipedia.org/wiki/2026_Women's_Africa_Cup_of_Nations#Group_C,,,,,
80,40,MW_W,Tabitha Chawinga,CAF_MW_000503,33,,1h,,,fotmob,https://www.fotmob.com/matches/malawi-vs-algeria/17rlf072h#1000018959,,,,,
81,40,MW_W,Temwa Chawinga,CAF_MW_000530,45,1,1h,,,fotmob,https://www.fotmob.com/matches/malawi-vs-algeria/17rlf072h#1000018959,,,,,
82,40,MW_W,Tabitha Chawinga,CAF_MW_000503,76,,2h,,,fotmob,https://www.fotmob.com/matches/malawi-vs-algeria/17rlf072h#1000018959,,,,,
83,40,ALGERIA_W,Ikram Adjabi,W_INT_ALG_001,60,,2h,,,fotmob,https://www.fotmob.com/matches/malawi-vs-algeria/17rlf072h#1000018959,,,,,
