player_id,full_name,known_as,dob,position,nationality,status
CAF_MW_UNKNOWN,Unknown Player,,,,,active
CAF_MW_000001,Abraham Mkandawire,,,,,active
CAF_MW_000002,Adam Ali,,,,,active
CAF_MW_000472,Tathedwa Willard,,,,,active
CAF_MW_000003,Adam Alieh,,,,,active
CAF_MW_000473,Hassan Hussein,,,,,active
CAF_MW_000004,Akim Mponda,,,,,active
CAF_MW_000474,Emmanuel Nyi,,,,,active
CAF_MW_000005,Alex Benson,,,,,active
CAF_MW_000475,Emmanuel Nyirenda,,,,,active
CAF_MW_000006,Alex Mkolongo,,,,,active
CAF_MW_000476,Joseph Ziwa,,,,,active
CAF_MW_000007,Alexander Cosmas,,,,,active
CAF_MW_000477,Tyson Soko,,,,,active
CAF_MW_000008,Allan Msowoya,,,,,active
CAF_MW_000478,Kingsley Mkandawire,,,,,active
CAF_MW_000009,Allen Chihana,,,,,active
CAF_MW_000010,Amin Yusuf,,,,,active
CAF_MW_000479,Abraham Mvula,,,,,active
CAF_MW_000011,Amon Fack,,,,,active
CAF_MW_000480,Charles Kamanga Mapalo Gumbo,,,,,active
CAF_MW_000481,Charles Kamanga,,,,,active
CAF_MW_000012,Andrew Donda,,,,,active
CAF_MW_000482,Wanangwa Gama,,,,,active
CAF_MW_000013,Andrew Joseph,,,,,active
CAF_MW_000483,James Zonga,,,,,active
CAF_MW_000014,Atusaye Mwangonde,,,,,active
CAF_MW_000484,Madalitso Jeffrey,,,,,active
CAF_MW_000015,Awalu Alli,,,,,active
CAF_MW_000016,Benett Konyo,,,,,active
CAF_MW_000017,Benito Chikumbu,,,,,active
CAF_MW_000018,Beston Jimu,,,,,active
CAF_MW_000485,Chinsinsi Twaya,,,,,active
CAF_MW_000019,Blessings Gustina,,,,,active
CAF_MW_000486,Gift Mwale,,,,,active
CAF_MW_000020,Blessings Harawa,,,,,active
CAF_MW_000487,Tadala Masina,,,,,active
CAF_MW_000021,Blessings Joseph,,,,,active
CAF_MW_000488,Yassin Salima,,,,,active
CAF_MW_000022,Blessings Makhula,,,,,active
CAF_MW_000023,Blessings Malinda,,,,,active
CAF_MW_000489,Wongani Phiri,,,,,active
CAF_MW_000490,Samuel Nyanda,,,,,active
CAF_MW_000024,Blessings Mofolo,,,,,active
CAF_MW_000025,Blessings Mpokera,,,,,active
CAF_MW_000491,Victor Kafuwa,,,,,active
CAF_MW_000492,Shafie Asima,,,,,active
CAF_MW_000026,Blessings Mwalilino,,,,,active
CAF_MW_000493,Yankho Singo,,,,,active
CAF_MW_000027,Blessings Singini,,,,,active
CAF_MW_000494,Vanessa Chikupira,,,,,active
CAF_MW_000028,Bright Ngonga,,,,,active
CAF_MW_000495,Mercy Sikelo,,,,,active
CAF_MW_000029,Brown Aman,,,,,active
CAF_MW_000496,Gabadinho Mhango,,,,,active
CAF_MW_000030,Brown Maganga,,,,,active
CAF_MW_000497,Joshua Waka,,,,,active
CAF_MW_000031,Calisto Kaliwo,,,,,active
CAF_MW_000032,Charles Chipala,,,,,active
CAF_MW_000499,Charles Petro,,,,,active
CAF_MW_000033,Charles Mafaiti,,,,,active
CAF_MW_000500,Lloyd Njaliwa,,,,,active
CAF_MW_000034,Charles Nkhoma,,,,,active
CAF_MW_000501,Ireen Khumalo,,,,,active
CAF_MW_000035,Chifundo Ngonjera,,,,,active
CAF_MW_000502,Tionge Phiri,,,,,active
CAF_MW_000036,Chifuniro Mpinganjira,,,,,active
CAF_MW_000503,Tabitha Chawinga,,,,,active
CAF_MW_000037,Chikaiko Batson,,,,,active
CAF_MW_000504,Wisdom Mpinganjira,,,,,active
CAF_MW_000038,Chikumbutso Batison,,,,,active
CAF_MW_000505,Vitumbiko Mkandawire,,,,,active
CAF_MW_000039,,,,,,active
CAF_MW_000506,Mwisho Mhango,,,,,active
CAF_MW_000040,Chikumbutso Burton,,,,,active
CAF_MW_000507,William Thole,,,,,active
CAF_MW_000041,Chimwemwe Chunga,,,,,active
CAF_MW_000508,Deborah Henry,,,,,active
CAF_MW_000042,Chimwemwe Nyoni,,,,,active
CAF_MW_000509,Chimwemwe Madise,,,,,active
CAF_MW_000043,Chinsisi Maonga,,,,,active
CAF_MW_000510,Rose Alufandika,,,,,active
CAF_MW_000044,Chipiliro Afiki,,,,,active
CAF_MW_000511,Esther Maulidi,,,,,active
CAF_MW_000045,Chipiliro Phillip,,,,,active
CAF_MW_000046,Chisomo Damalankhunda,,,,,active
CAF_MW_000513,Rose Kadzere,,,,,active
CAF_MW_000047,Christopher Chulu,,,,,active
CAF_MW_000514,Chikumbutso Salima,,,,,active
CAF_MW_000048,Christopher Gomani,,,,,active
CAF_MW_000515,Bernadette Mkandawire,,,,,active
CAF_MW_000049,Clement Nyondo,,,,,active
CAF_MW_000516,Chisomo Banda,,,,,active
CAF_MW_000050,Clever Kalambo,,,,,active
CAF_MW_000517,Gomezgani Chirwa,,,,,active
CAF_MW_000051,Clifford Msowoya,,,,,active
CAF_MW_000518,Patrick Mwaungulu,,,,,active
CAF_MW_000052,Corazo Zonda,,,,,active
CAF_MW_000519,Sarah Mulimbika,,,,,active
CAF_MW_000053,Darian latf,,,,,active
CAF_MW_000520,Maggie Chavula,,,,,active
CAF_MW_000054,Dickson Mwangonde,,,,,active
CAF_MW_000521,Olivia Phikani,,,,,active
CAF_MW_000055,Dominic Kayamba,,,,,active
CAF_MW_000522,Babatunde Adepoju,,,,,active
CAF_MW_000056,Duncan Kumbuyo,,,,,active
CAF_MW_000523,Richard Mbulu,,,,,active
CAF_MW_000057,Dyson Daud,,,,,active
CAF_MW_000524,Maxwell Paipi,,,,,active
CAF_MW_000058,Dyson Moffat,,,,,active
CAF_MW_000525,Sabinah Thom,,,,,active
CAF_MW_000059,Eckison Paul,,,,,active
CAF_MW_000526,Mayele Malango,,,,,active
CAF_MW_000060,Edson Chibalo,,,,,active
CAF_MW_000527,Chawanangwa Kawonga,,,,,active
CAF_MW_000061,Elias Muywanga,,,,,active
CAF_MW_000528,Asimenye Simwaka,,,,,active
CAF_MW_000062,Emmanuel Chikadza,,,,,active
CAF_MW_000529,Chikondi Gondwe,,,,,active
CAF_MW_000063,Emmanuel Mkawa,,,,,active
CAF_MW_000530,Temwa Chawinga,,,,,active
CAF_MW_000064,Emmanuel Munthali,,,,,active
CAF_MW_000531,Lyna James,,,,,active
CAF_MW_000065,Emmanuel Nkawa,,,,,active
CAF_MW_000532,Lloyd Aaron,,,,,active
CAF_MW_000066,Emmanuel Nyakutepa,,,,,active
CAF_MW_000533,Madyina Nguluwe,,,,,active
CAF_MW_000067,Enock Jobo,,,,,active
CAF_MW_000534,Nickson Nyasulu,,,,,active
CAF_MW_000068,Enock Kaonga,,,,,active
CAF_MW_000535,Chawanangwa Gumbo,,,,,active
CAF_MW_000069,Ephraim Kondowe,,,,,active
CAF_MW_000536,Tendai Sani,,,,,active
CAF_MW_000070,Eric Sadia,,,,,active
CAF_MW_000537,Yamikani Kawonga,,,,,active
CAF_MW_000071,Ernest Petro,,,,,active
CAF_MW_000538,Faith Chinzimu,,,,,active
CAF_MW_000072,Farhad Mtcheka,,,,,active
CAF_MW_000539,Leticia Chinyamula,,,,,active
CAF_MW_000073,Feston Makanjira,,,,,active
CAF_MW_000540,Robert Saizi,,,,,active
CAF_MW_000074,Festus Duwe,,,,,active
CAF_MW_000541,Eric Astigah,,,,,active
CAF_MW_000075,Francis Chirwa,,,,,active
CAF_MW_000542,Tatenda M'Balaka,,,,,active
CAF_MW_000076,Francis Malikebu,,,,,active
CAF_MW_000543,Levison Maganizo,,,,,active
CAF_MW_000077,Francis Mchema,,,,,active
CAF_MW_000544,Lameck Gamphani,,,,,active
CAF_MW_000078,Frank London,,,,,active
CAF_MW_000545,Austin Yasin,,,,,active
CAF_MW_000079,Fred Banda,,,,,active
CAF_MW_000080,Friday Osagie,,,,,active
CAF_MW_000546,Precious Kapunda,,,,,active
CAF_MW_000547,Emmanuel Allan,,,,,active
CAF_MW_000081,George Chaomba,,,,,active
CAF_MW_000548,Felix Dumakude,,,,,active
CAF_MW_000082,George Makoko,,,,,active
CAF_MW_000083,Gerald Ngwira,,,,,active
CAF_MW_000549,Charles Thom,,,,,active
CAF_MW_000550,Innocent Mtonga,,,,,active
CAF_MW_000084,Gerson Justin,,,,,active
CAF_MW_000551,Innocent Smart,,,,,active
CAF_MW_000085,Godfrey Sibale,,,,,active
CAF_MW_000086,Golden Mafunga,,,,,active
CAF_MW_000552,Christopher Gototo,,,,,active
CAF_MW_000553,Dan Sandukira,,,,,active
CAF_MW_000087,Grant Chibalo,,,,,active
CAF_MW_000554,Yankho Billiat,,,,,active
CAF_MW_000088,Grecian Justin,,,,,active
CAF_MW_000555,Christopher Mikuwa,,,,,active
CAF_MW_000089,Gumbikani Banda,,,,,active
CAF_MW_000556,Lumbani Nyondo,,,,,active
CAF_MW_000090,Hadji Dyton,,,,,active
CAF_MW_000557,Rahim Mtondera,,,,,active
CAF_MW_000091,Hajap Fatch,,,,,active
CAF_MW_000092,Hakim Mponda,,,,,active
CAF_MW_000558,Praise Macholowe,,,,,active
CAF_MW_000093,Hanif Jafari,,,,,active
CAF_MW_000559,Hasan Shaib,,,,,active
CAF_MW_000560,Arron Chapola,,,,,active
CAF_MW_000094,Happy Mwakausi,,,,,active
CAF_MW_000561,Conex Itimu,,,,,active
CAF_MW_000095,Harry Robert,,,,,active
CAF_MW_000562,Shalaf Duwe,,,,,active
CAF_MW_000096,Harvey Nasiyaya,,,,,active
CAF_MW_000563,Peter Stephano,,,,,active
CAF_MW_000097,Hassani Luwembe,,,,,active
CAF_MW_000564,Clement Shawa,,,,,active
CAF_MW_000098,Hastings Malinda,,,,,active
CAF_MW_000565,Bashir Mussa,,,,,active
CAF_MW_000099,Hastings Ndau,,,,,active
CAF_MW_000566,Yamikan Victor,,,,,active
CAF_MW_000100,Haswell Chiwaya,,,,,active
CAF_MW_000567,Cosmas Mdoka,,,,,active
CAF_MW_000101,,,,,,active
CAF_MW_000568,Kondwani Jere,,,,,active
CAF_MW_000102,Hope Namadzunda,,,,,active
CAF_MW_000569,Christian Nyanda,,,,,active
CAF_MW_000103,Howard Moses,,,,,active
CAF_MW_000570,Kizito Thethe,,,,,active
CAF_MW_000104,Hussein Sanudi,,,,,active
CAF_MW_000105,Idrisah Juma,,,,,active
CAF_MW_000571,Christian Zing'ande,,,,,active
CAF_MW_000572,Fransis Chiwaya,,,,,active
CAF_MW_000106,Innocent Jauma,,,,,active
CAF_MW_000573,Clement Majawa,,,,,active
CAF_MW_000107,,,,,,active
CAF_MW_000108,,,,,,active
CAF_MW_000574,Davei Million,,,,,active
CAF_MW_000575,Uchizi Vunga,,,,,active
CAF_MW_000109,Innocent Shema,,,,,active
CAF_MW_000576,Chikondi Likambale,,,,,active
CAF_MW_000110,Isaac Kaliati,,,,,active
CAF_MW_000577,Mally Kosongo,,,,,active
CAF_MW_000111,,,,,,active
CAF_MW_000578,Innocent Nyasulu,,,,,active
CAF_MW_000112,Ishmael Hassan,,,,,active
CAF_MW_000579,Yamikani Mologeni,,,,,active
CAF_MW_000113,James Lumbe,,,,,active
CAF_MW_000114,James Tambwali,,,,,active
CAF_MW_000580,Emmanuel Kaunga,,,,,active
CAF_MW_000581,Prince Chiumia,,,,,active
CAF_MW_000115,Jerry Kalume,,,,,active
CAF_MW_000582,Wongani Lungu,,,,,active
CAF_MW_000116,Jimmy Banda,,,,,active
CAF_MW_000583,Maxwell Phado,,,,,active
CAF_MW_000117,Joel Banda,,,,,active
CAF_MW_000584,Misheck Billiat,,,,,active
CAF_MW_000118,John Dambuleni,,,,,active
CAF_MW_000585,Frank Willard,,,,,active
CAF_MW_000119,Joseph Masamba,,,,,active
CAF_MW_000586,Kondwani Tebulo,,,,,active
CAF_MW_000120,Joseph Mbaga,,,,,active
CAF_MW_000121,Joshua Chawinga,,,,,active
CAF_MW_000587,Andrew Jovinala,,,,,active
CAF_MW_000588,Maclean Mwale,,,,,active
CAF_MW_000122,Kelvin Chimodzi,,,,,active
CAF_MW_000589,Aaron Chilipa,,,,,active
CAF_MW_000123,Kennedy Mwakabaghe,,,,,active
CAF_MW_000590,Madalitso Safuli,,,,,active
CAF_MW_000124,Khumbo Mhone,,,,,active
CAF_MW_000591,Sean McBrams,,,,,active
CAF_MW_000125,Khursheed Muhammad,,,,,active
CAF_MW_000126,Kondwani Dundu,,,,,active
CAF_MW_000592,Dastan Banda,,,,,active
CAF_MW_000593,Eddie Jamu,,,,,active
CAF_MW_000127,Kondwani Kucheza,,,,,active
CAF_MW_000594,Pilirani Thulu,,,,,active
CAF_MW_000128,Kondwani Langa,,,,,active
CAF_MW_000595,Innocent Chitete,,,,,active
CAF_MW_000129,Kondwani Mhone,,,,,active
CAF_MW_000596,Yusuf Adesola Abdul-Waheed,,,,,active
CAF_MW_000130,Kondwani Phiri,,,,,active
CAF_MW_000131,Kondwani Siliya,,,,,active
CAF_MW_000597,William Mwalwimba,,,,,active
CAF_MW_000598,Casto Kayuni,,,,,active
CAF_MW_000132,Kondwani Thwadya,,,,,active
CAF_MW_000599,Erick Mandanda,,,,,active
CAF_MW_000133,Kwandwani Twaja,,,,,active
CAF_MW_000600,Godfry Siwale,,,,,active
CAF_MW_000134,Lameck Mithi,,,,,active
CAF_MW_000601,Steven Steven,,,,,active
CAF_MW_000135,Landwell Nyirenda,,,,,active
CAF_MW_000136,Laurent Banda,,,,,active
CAF_MW_000602,Lovemore Ngolombe,,,,,active
CAF_MW_000603,Micheal Mwalilino,,,,,active
CAF_MW_000137,Legani Saidi,,,,,active
CAF_MW_000604,Samson Sakanya,,,,,active
CAF_MW_000138,Lennox Kiwambe,,,,,active
CAF_MW_000605,Gracian Kazembe,,,,,active
CAF_MW_000139,Leo Kachikho,,,,,active
CAF_MW_000140,Leo Kaira,,,,,active
CAF_MW_000606,Chimwemwe Myombe,,,,,active
CAF_MW_000607,Raphael Nkhoma,,,,,active
CAF_MW_000141,Leonard Mpanje,,,,,active
CAF_MW_000608,Anthony Mwalilino,,,,,active
CAF_MW_000142,Levison Mnyenyembe,,,,,active
CAF_MW_000609,Thomson Khunga,,,,,active
CAF_MW_000143,Lucky Mkandawire,,,,,active
CAF_MW_000610,Ganizani Banda,,,,,active
CAF_MW_000144,Luke Ntope,,,,,active
CAF_MW_000611,Vincent Kampira,,,,,active
CAF_MW_000145,Lyson Nkhoma,,,,,active
CAF_MW_000612,Precious Juma,,,,,active
CAF_MW_000146,Lyton Luciano,,,,,active
CAF_MW_000613,Feston Botoman,,,,,active
CAF_MW_000147,Macray Chiwaya,,,,,active
CAF_MW_000148,Madalitso Banda,,,,,active
CAF_MW_000614,Zaneel Jussab,,,,,active
CAF_MW_000615,Matthews Nkunika,,,,,active
CAF_MW_000149,Madalitso Chisomba,,,,,active
CAF_MW_000616,Charles Kasalanga,,,,,active
CAF_MW_000150,Madalitso Chiumia,,,,,active
CAF_MW_000617,Jazil Bannet,,,,,active
CAF_MW_000151,Madalitso Haji,,,,,active
CAF_MW_000618,Eustache Baraki,,,,,active
CAF_MW_000152,Madalitso Maso,,,,,active
CAF_MW_000619,Rashid Nicks,,,,,active
CAF_MW_000153,Madalitso Mwachumu,,,,,active
CAF_MW_000620,Felix Jalasi,,,,,active
CAF_MW_000154,Mario Mkhoma,,,,,active
CAF_MW_000155,Marko Chiwaya,,,,,active
CAF_MW_000621,Yankho Phiri,,,,,active
CAF_MW_000622,Henzie Manganyera,,,,,active
CAF_MW_000156,Martin Adam,,,,,active
CAF_MW_000623,Ninu Khosomola,,,,,active
CAF_MW_000157,Matamando Mwatchipisa,,,,,active
CAF_MW_000624,Francis Chimbayo,,,,,active
CAF_MW_000158,Mathews Mtalakwesi,,,,,active
CAF_MW_000625,Innocent Ngunga,,,,,active
CAF_MW_000159,Mathews Nkunika,,,,,active
CAF_MW_000626,Blessings Mathyola,,,,,active
CAF_MW_000160,Mathews Tivalenji,,,,,active
CAF_MW_000627,Rafael Iman,,,,,active
CAF_MW_000161,Matthews Masamba,,,,,active
CAF_MW_000628,Maxwell Sakanamba,,,,,active
CAF_MW_000162,Matthews Simbeye,,,,,active
CAF_MW_000629,Hastings Masinda,,,,,active
CAF_MW_000163,Mavuto Kamunga,,,,,active
CAF_MW_000630,Dalisoul Yawanda,,,,,active
CAF_MW_000164,Maxwel Msowoya,,,,,active
CAF_MW_000165,Maxwell Mangwere,,,,,active
CAF_MW_000631,Edson Chisalo,,,,,active
CAF_MW_000632,Chimwemwe Masha,,,,,active
CAF_MW_000166,Maxwell Owen,,,,,active
CAF_MW_000633,Geoffrey Chinyama,,,,,active
CAF_MW_000167,Maxwell Phodo,,,,,active
CAF_MW_000634,Peter Kasiya,,,,,active
CAF_MW_000168,Mayamiko Jimmy,,,,,active
CAF_MW_000635,Frank Tembo,,,,,active
CAF_MW_000169,Mcdonald Lameck,,,,,active
CAF_MW_000636,Jacob Banda,,,,,active
CAF_MW_000170,McMillan Mwale,,,,,active
CAF_MW_000637,Arthur Chindaya,,,,,active
CAF_MW_000171,Medson Dozola,,,,,active
CAF_MW_000172,Menard Magawa,,,,,active
CAF_MW_000638,Tamandani Damiano,,,,,active
CAF_MW_000639,Daniel Maulidi,,,,,active
CAF_MW_000173,Micium Mhone,,,,,active
CAF_MW_000640,Precious Manjawira,,,,,active
CAF_MW_000174,Miracle Gabeya,,,,,active
CAF_MW_000641,Davie Chinkhwango,,,,,active
CAF_MW_000175,Moses Gunde,,,,,active
CAF_MW_000642,Hassan Assima,,,,,active
CAF_MW_000176,Moses Matias,,,,,active
CAF_MW_000643,Osman George,,,,,active
CAF_MW_000177,Moses Nyirenda,,,,,active
CAF_MW_000644,Joel Maziya,,,,,active
CAF_MW_000178,Mphatso Magaleta,,,,,active
CAF_MW_000645,Ahmad Ayami,,,,,active
CAF_MW_000179,Muhammad Biason,,,,,active
CAF_MW_000180,Muhammad Sulumba,,,,,active
CAF_MW_000646,Esau Kumwenda,,,,,active
CAF_MW_000647,Kelvin Phiri,,,,,active
CAF_MW_000181,Namazana Chiyundo,,,,,active
CAF_MW_000648,Hassan Madula,,,,,active
CAF_MW_000182,Noah Malizwe,,,,,active
CAF_MW_000649,Gomezgani Maziya,,,,,active
CAF_MW_000183,Olamba Ngese,,,,,active
CAF_MW_000650,Prince Jamali,,,,,active
CAF_MW_000184,Olson Kanjira,,,,,active
CAF_MW_000651,Francis Alfazema,,,,,active
CAF_MW_000185,Owen Leo,,,,,active
CAF_MW_000652,Chawanangwa Mhango,,,,,active
CAF_MW_000186,Patrick Mupanzi,,,,,active
CAF_MW_000653,Vincent Dalileni,,,,,active
CAF_MW_000187,Patrick Phiri,,,,,active
CAF_MW_000654,Samuel Mpinda,,,,,active
CAF_MW_000188,Pemphero Nseula,,,,,active
CAF_MW_000655,Timothy George,,,,,active
CAF_MW_000189,Peter Mbowe,,,,,active
CAF_MW_000656,Willy Demakube,,,,,active
CAF_MW_000190,Petros Kamanga,,,,,active
CAF_MW_000657,Charles Chalaka,,,,,active
CAF_MW_000191,Philip Kagona,,,,,active
CAF_MW_000658,Emmanuel Kaswaswa,,,,,active
CAF_MW_000192,Philip Mtika,,,,,active
CAF_MW_000659,Blessings Masamba,,,,,active
CAF_MW_000193,Phillimon Ndhlove,,,,,active
CAF_MW_000194,Pilirani Banda,,,,,active
CAF_MW_000660,Yamikani Farakeza,,,,,active
CAF_MW_000661,Joel Kachingwe,,,,,active
CAF_MW_000195,Pius Saka,,,,,active
CAF_MW_000662,Emmanuel Mawaya,,,,,active
CAF_MW_000196,Precious Manduwa,,,,,active
CAF_MW_000663,Amidu Yahaya,,,,,active
CAF_MW_000197,Precious Sambani,,,,,active
CAF_MW_000664,Clement Karonga,,,,,active
CAF_MW_000198,Promise Kamwendo,,,,,active
CAF_MW_000665,Evance Banda,,,,,active
CAF_MW_000199,Rabison Eliot,,,,,active
CAF_MW_000666,Blessings Chimwaza,,,,,active
CAF_MW_000200,Precious Maganga,,,,,active
CAF_MW_000667,Razack Ali,,,,,active
CAF_MW_000201,,,,,,active
CAF_MW_000668,Rasul Wabu,,,,,active
CAF_MW_000202,Rafiq Alli,,,,,active
CAF_MW_000669,Fabiano Chimenya,,,,,active
CAF_MW_000203,Raheam Mtondera,,,,,active
CAF_MW_000670,Umali James,,,,,active
CAF_MW_000204,Rajabu Mussa,,,,,active
CAF_MW_000671,Junior Kamdidi,,,,,active
CAF_MW_000205,Ramadan Mtafu,,,,,active
CAF_MW_000672,Victor Kumanda,,,,,active
CAF_MW_000206,Randwell Nyirenda,,,,,active
CAF_MW_000673,Josephy Chirwa,,,,,active
CAF_MW_000207,Rashid Chiromo,,,,,active
CAF_MW_000674,Felix Chibwana,,,,,active
CAF_MW_000208,Rex Chikaya,,,,,active
CAF_MW_000675,Timothy Piyasi,,,,,active
CAF_MW_000209,Richard Cheyo,,,,,active
CAF_MW_000676,Edward Thengo,,,,,active
CAF_MW_000210,Righteous Banda,,,,,active
CAF_MW_000677,John Banda,,,,,active
CAF_MW_000211,Robert Chipeta,,,,,active
CAF_MW_000678,Godfrey Kwiyokwa,,,,,active
CAF_MW_000212,Sambani,,,,,active
CAF_MW_000679,J. Isaac Simfukwe,,,,,active
CAF_MW_000213,Samson Austin,,,,,active
CAF_MW_000680,Isaac Simfukwe,,,,,active
CAF_MW_000214,Samuel Austin,,,,,active
CAF_MW_000681,Nelson Sikaona,,,,,active
CAF_MW_000215,Samuel Patrick,,,,,active
CAF_MW_000682,Manda Zenga,,,,,active
CAF_MW_000216,Samuel Viyuyi,,,,,active
CAF_MW_000683,Oriafo Friday Osagie,,,,,active
CAF_MW_000217,Samuel Zakeyu,,,,,active
CAF_MW_000684,Augustine Njongoroh,,,,,active
CAF_MW_000218,Sebastian Chinsomba,,,,,active
CAF_MW_000685,Olamba Ngesi,,,,,active
CAF_MW_000219,Sebstian Chisomba,,,,,active
CAF_MW_000686,Kenson Mlenga,,,,,active
CAF_MW_000220,Seleman Musa,,,,,active
CAF_MW_000687,Bostoni Daniel,,,,,active
CAF_MW_000221,Shadreck Mikunde,,,,,active
CAF_MW_000688,Winfore Ng'ambi,,,,,active
CAF_MW_000222,Sholigah Stambuli,,,,,active
CAF_MW_000689,Jerrings Kayira,,,,,active
CAF_MW_000223,Simplex Kachingwe,,,,,active
CAF_MW_000690,Vitumbiko Katuya,,,,,active
CAF_MW_000224,Slay Antony,,,,,active
CAF_MW_000691,Temitope Ojeyinka Ebenezer,,,,,active
CAF_MW_000225,Stacia Chibala,,,,,active
CAF_MW_000692,Tuntufye Mwakifwamba,,,,,active
CAF_MW_000226,Stenie Davie,,,,,active
CAF_MW_000693,Suzgo Mwakasinga,,,,,active
CAF_MW_000227,Steve Chitambaya,,,,,active
CAF_MW_000694,Tuntufye Mwalilino,,,,,active
CAF_MW_000228,Steve Malemba,,,,,active
CAF_MW_000695,Julius Banda,,,,,active
CAF_MW_000229,Steve Msiska,,,,,active
CAF_MW_000696,Mtende Mayuni,,,,,active
CAF_MW_000230,Steve Palemeza Jr,,,,,active
CAF_MW_000697,Limbani Manyamba,,,,,active
CAF_MW_000231,Stuart Kalima,,,,,active
CAF_MW_000698,Foster Phiri,,,,,active
CAF_MW_000232,Sylvester Phiri Saizi,,,,,active
CAF_MW_000699,Believe June,,,,,active
CAF_MW_000233,Tafu Fole,,,,,active
CAF_MW_000700,Joseph Kabila,,,,,active
CAF_MW_000234,Tambulani Mwale,,,,,active
CAF_MW_000701,Alista Sindo,,,,,active
CAF_MW_000235,Temwa Ndhlovu,,,,,active
CAF_MW_000702,Chifundo Duwa,,,,,active
CAF_MW_000236,Tendai Phiri,,,,,active
CAF_MW_000703,Blessings Chiku,,,,,active
CAF_MW_000237,Tonic Viyuyi,,,,,active
CAF_MW_000704,Ohmo Kangoma,,,,,active
CAF_MW_000238,Tonny Mbulu,,,,,active
CAF_MW_000705,Alick Julius,,,,,active
CAF_MW_000239,Upile Kapunja,,,,,active
CAF_MW_000706,Mario Nkhoma,,,,,active
CAF_MW_000240,Verson Mudu,,,,,active
CAF_MW_000707,Blessings Kambiri,,,,,active
CAF_MW_000241,Vincent Nyangulu,,,,,active
CAF_MW_000708,Maxwell Makopa,,,,,active
CAF_MW_000242,Vitumbiko Phiri,,,,,active
CAF_MW_000709,John Dyson,,,,,active
CAF_MW_000243,Webster Mzunda,,,,,active
CAF_MW_000710,Brave Zimba,,,,,active
CAF_MW_000244,Westin Nazombe,,,,,active
CAF_MW_000711,Rabson Elliott,,,,,active
CAF_MW_000245,Wilson Jacob,,,,,active
CAF_MW_000712,Maxwell Simfukwe,,,,,active
CAF_MW_000246,Yamikani kazembe,,,,,active
CAF_MW_000713,Depay Banda,,,,,active
CAF_MW_000247,Yamikani Mtalimanja,,,,,active
CAF_MW_000714,Henry Chiwaya,,,,,active
CAF_MW_000248,Yankho Mafuta,,,,,active
CAF_MW_000715,Tawina Phiri,,,,,active
CAF_MW_000249,Yohane Mambo,,,,,active
CAF_MW_000716,Heroes Kaukonde,,,,,active
CAF_MW_000250,Yusuf Namtunga,,,,,active
CAF_MW_000717,Muhamad Paloti,,,,,active
CAF_MW_000251,Zenga Manda,,,,,active
CAF_MW_000718,Justin Tailosi,,,,,active
CAF_MW_000252,Zikani Schinga,,,,,active
CAF_MW_000719,Chisomo Dama,,,,,active
CAF_MW_000253,Anzeru Joseph,,,,,
CAF_MW_000720,Comfort Fukizi,,,,,active
CAF_MW_000254,Mhango,,,,Malawi,active
CAF_MW_000721,Alex Mhango,,,,,active
CAF_MW_000255,Nicholas Oscar,,,,,
CAF_MW_000722,Mike Chuma,,,,,active
CAF_MW_000256,Hestings Malinda,,,,,
CAF_MW_000723,Chikondi Jere,,,,,active
CAF_MW_000257,Kenneth Mwale,,,,,
CAF_MW_000724,Grecious Nsona,,,,,active
CAF_MW_000258,Eckison Paul,,,,,
CAF_MW_000725,Fred Fundi,,,,,active
CAF_MW_000259,Richard Chirwa,,,,,
CAF_MW_000726,Mayamiko Banda,,,,,active
CAF_MW_000260,George Makoko,,,,,
CAF_MW_000727,Kondwani Tuwadya,,,,,active
CAF_MW_000261,Peter Blair,,,,,
CAF_MW_000728,William Kasalika,,,,,active
CAF_MW_000262,Gift Sato,,,,,
CAF_MW_000729,Emmanuel Mthepheya,,,,,active
CAF_MW_000263,Prino Dickson,,,,,
CAF_MW_000730,Fyton William,,,,,active
CAF_MW_000264,Alex Thyangathyanga,,,,,
CAF_MW_000731,Tatu Fole,,,,,active
CAF_MW_000265,Mike Chabisala,,,,,
CAF_MW_000732,Jussa Samson,,,,,active
CAF_MW_000266,Enos Hendeman,,,,,
CAF_MW_000733,Martin Khembo,,,,,active
CAF_MW_000267,Jazeel Banet,,,,,
CAF_MW_000734,Happy Fombe,,,,,active
CAF_MW_000268,Eric Sadia,,,,,
CAF_MW_000735,Macmillan Mwale,,,,,active
CAF_MW_000269,Chastry Kandiado,,,,,
CAF_MW_000736,Enock Chikungu,,,,,active
CAF_MW_000270,David Mwemene,,,,,
CAF_MW_000737,Rahman Mtuma,,,,,active
CAF_MW_000271,Stiel Chirambo,,,,Malawi,active
CAF_MW_000738,Felix Maulana,,,,,active
CAF_MW_000272,Samuel Viyuyu,,,,Malawi,active
CAF_MW_000739,Jack Chitsonga,,,,,active
CAF_MW_000273,Macdonald Chirwa,,,,Malawi,active
CAF_MW_000740,Owen Juma,,,,,active
CAF_MW_000274,Christopher Goman,,,,Malawi,active
CAF_MW_000741,Brian Msowoya,,,,,active
CAF_MW_000275,Lahaman Shaban,,,,Malawi,active
CAF_MW_000742,Gladson Kapalamula,,,,,active
CAF_MW_000276,Crift Msiska,,,,Malawi,active
CAF_MW_000743,John Marino,,,,,active
CAF_MW_000277,Justice Honde,,,,,
CAF_MW_000744,Pemphero Friday,,,,,active
CAF_MW_000278,Hamza Owen,,,,,
CAF_MW_000745,Blessings Willy,,,,,active
CAF_MW_000279,Chisomo Khungwa,,,,,
CAF_MW_000746,Happy Makause,,,,,active
CAF_MW_000281,Francis Gunde,,,,,
CAF_MW_000747,Farook Ndasowa,,,,,active
CAF_MW_000282,Aspria Denis,,,,,
CAF_MW_000748,James Nyamphota,,,,,active
CAF_MW_000283,Ndaziona Chatsalira,,,,,
CAF_MW_000749,Maxwell Kamanga,,,,,active
CAF_MW_000284,Gift Mansion,,,,,
CAF_MW_000750,Robert Kapinga,,,,,active
CAF_MW_000285,Andrew Chilemba,,,,,
CAF_MW_000751,Kelvin Betha,,,,,active
CAF_MW_000286,Andrew Mwale,,,,,
CAF_MW_000752,Anock Mwenebanda,,,,,active
CAF_MW_000287,Dickies Nyirenda,,,,,
CAF_MW_000753,Enock Banda,,,,,active
CAF_MW_000288,Harrison Phiri,,,,,
CAF_MW_000754,Kelvin Nkhoma,,,,,active
CAF_MW_000289,Kennedy Seme,,,,,
CAF_MW_000755,Emmanuel Banda,,,,,active
CAF_MW_000290,Joseph Banda,,,,,
CAF_MW_000756,White Notah,,,,,active
CAF_MW_000291,Ronald Ndalama,,,,,
CAF_MW_000757,Jobe Chikopa,,,,,active
CAF_MW_000292,Allan Mlongola,,,,,
CAF_MW_000758,Peter Likwangulo,,,,,active
CAF_MW_000293,Kumbukani Chibaka,,,,,
CAF_MW_000759,Frank Patrick,,,,,active
CAF_MW_000294,Trevor Mwase,,,,,
CAF_MW_000760,Timothy Banda,,,,,active
CAF_MW_000295,Frank Kaunda,,,,,
CAF_MW_000761,Aaron Banda,,,,,active
CAF_MW_000296,Medison Salimu,,,,,
CAF_MW_000762,Manuel Banda,,,,,active
CAF_MW_000297,Blessings Nyasulu,,,,,
CAF_MW_000763,Hope Sembeleka,,,,,active
CAF_MW_000298,Ackim Kamanga,,,,,
CAF_MW_000764,Ekali Chingwalu,,,,,active
CAF_MW_000299,Podice Gondwe,,,,,
CAF_MW_000765,Micheal Kamanga,,,,,active
CAF_MW_000300,Wellington Katapa,,,,,
CAF_MW_000766,Isaac Leman,,,,,active
CAF_MW_000301,Martin Chilala,,,,,
CAF_MW_000767,Tendi Chidon,,,,,active
CAF_MW_000302,Charles Mhonie,,,,,
CAF_MW_000768,Juwaya,,,,,active
CAF_MW_000303,Benjamin Mapunda,,,,,
CAF_MW_000769,Chikwata,,,,,active
CAF_MW_000304,Wanangwa Gondwe,,,,,
CAF_MW_000770,Mwetse,,,,,active
CAF_MW_000305,Mphatso Kumwenda,,,,,
CAF_MW_000771,Emmanuel,,,,,active
CAF_MW_000306,Shaibu Jahali,,,,,
CAF_MW_000772,S. Banda,,,,,active
CAF_MW_000307,Massa Perekani,,,,,
CAF_MW_000773,F. Banda,,,,,active
CAF_MW_000308,Solomon Nkosi,,,,,
CAF_MW_000774,Matchipitsa,,,,,active
CAF_MW_000309,Wyson Nyirenda,,,,,
CAF_MW_000775,Bokosi,,,,,active
CAF_MW_000310,Clifford Chisale,,,,,
CAF_MW_000776,Nyambose,,,,,active
CAF_MW_000311,Adjoy Shabani,,,,,
CAF_MW_000777,Mitolo,,,,,active
CAF_MW_000312,Henderson Kanjika,,,,,
CAF_MW_000778,Suwedi,,,,,active
CAF_MW_000313,Jomole Phiri,,,,,
CAF_MW_000779,Machira,,,,,active
CAF_MW_000314,Nathan Msiska,,,,,
CAF_MW_000780,Makalani,,,,,active
CAF_MW_000315,Pearson Nyirenda,,,,,
CAF_MW_000781,Chinong'one,,,,,active
CAF_MW_000316,Kondwani Chirwa,,,,,
CAF_MW_000782,Sherif,,,,,active
CAF_MW_000317,Zachariah Mphamba,,,,,
CAF_MW_000783,Chihoma,,,,,active
CAF_MW_000318,Clement Mthali,,,,,active
CAF_MW_000784,Chirombo,,,,,active
CAF_MW_000319,Mike Luhanga,,,,,active
CAF_MW_000785,Mtondo,,,,,active
CAF_MW_000320,Jonathan Phiri,,,,,active
CAF_MW_000786,Jeremiah Simfukwe,,,,,active
CAF_MW_000321,Daniel Chisokwe,,,,,active
CAF_MW_000787,Black Aliseni,,,,,active
CAF_MW_000322,Emmanuel Mlotha,,,,,active
CAF_MW_000788,Mtopijo Njewa,,,,,active
CAF_MW_000323,Thompson Mkandawire,,,,,active
CAF_MW_000789,Philip Malingwele,,,,,active
CAF_MW_000324,Cyrus Grem,,,,,active
CAF_MW_000790,Chisomo Sambani,,,,,active
CAF_MW_000325,Sulintha Robert,,,,,active
CAF_MW_000791,Jimmy Viyuyi,,,,,active
CAF_MW_000326,Chifuwa Makawa,,,,,active
CAF_MW_000792,Redson Nkhoma,,,,,active
CAF_MW_000327,Chisomo Mpachika,,,,,active
CAF_MW_000793,Nadrick Nyirenda,,,,,active
CAF_MW_000328,Adam Wallace,,,,,active
CAF_MW_000794,Brown Magaga,,,,,active
CAF_MW_000329,Gracious Kapachika,,,,,active
CAF_MW_000795,Chifundo Makawa,,,,,active
CAF_MW_000330,Ben Mbewe,,,,,active
CAF_MW_000796,Banda,,,,,active
CAF_MW_000331,Prince Kachere,,,,,active
CAF_MW_000797,Jere,,,,,active
CAF_MW_000332,Joshua Masache,,,,,active
CAF_MW_000798,James,,,,,active
CAF_MW_000333,Kelvin Hanganda,,,,,active
CAF_MW_000799,Mughogho,,,,,active
CAF_MW_000334,Lasuli Jali,,,,,active
CAF_MW_000800,Nkhumbula,,,,,active
CAF_MW_000335,Raphick Bahati,,,,,active
CAF_MW_000801,Chimlambe,,,,,active
CAF_MW_000336,Precious Phiri,,,,,active
CAF_MW_000802,Chinula,,,,,active
CAF_MW_000337,Mapalo Gumbo,,,,,active
CAF_MW_000803,Malema,,,,,active
CAF_MW_000338,Taimon Gomeka,,,,,active
CAF_MW_000804,Aubrey Khumbula,,,,,active
CAF_MW_000339,Dumisan Chirambo,,,,,active
CAF_MW_000805,Light James,,,,,active
CAF_MW_000340,Gomezgani Sibale,,,,,active
CAF_MW_000806,Lovemore Jere,,,,,active
CAF_MW_000341,Zakaria Mphamba,,,,,active
CAF_MW_000807,Dumisani Chizizi,,,,,active
CAF_MW_000342,Lumbani Kamanga,,,,,active
CAF_MW_000808,Clifford Chimlambe,,,,,active
CAF_MW_000343,Jimmy Kalanje,,,,,active
CAF_MW_000809,Lusekero Malema,,,,,active
CAF_MW_000344,Andrew Kamanga,,,,,active
CAF_MW_000810,Chisomo Chawanda,,,,,active
CAF_MW_000345,Herand Phiri,,,,,active
CAF_MW_000811,Lesman Singini,,,,,active
CAF_MW_000346,Steven Jafali,,,,,active
CAF_MW_000812,G. Nyirenda,,,,,active
CAF_MW_000347,Chancy Kaonga,,,,,active
CAF_MW_000813,George Nyirenda,,,,,active
CAF_MW_000348,Shamiuna Watch,,,,,active
CAF_MW_000814,Andiseni Chekani,,,,,active
CAF_MW_000349,Shukurani Mussa,,,,,active
CAF_MW_000815,Moses Mangongo,,,,,active
CAF_MW_000350,Black Alisen,,,,,active
CAF_MW_000816,Daniel Selengo,,,,,active
CAF_MW_000351,Eric Mandanda,,,,,active
CAF_MW_000817,Roosevelt Njikho,,,,,active
CAF_MW_000352,Samson Phiri,,,,,active
CAF_MW_000818,Charles Mwale,,,,,active
CAF_MW_000353,Zebron Kalima,,,,,active
CAF_MW_000819,Jason Yosophati,,,,,active
CAF_MW_000354,Precious Katsonga,,,,,active
CAF_MW_000820,Gift Nyumayo,,,,,active
CAF_MW_000355,Justice Zulu,,,,,active
CAF_MW_000821,Elija Leman,,,,,active
CAF_MW_000356,Amidu Madison,,,,,active
CAF_MW_000822,Tonny Biwi,,,,,active
CAF_MW_000357,Savior Nkhoma,,,,,active
CAF_MW_000823,Malaki Lichapa,,,,,active
CAF_MW_000358,Blessings Nyirenda,,,,,active
CAF_MW_000824,Willard Banda,,,,,active
CAF_MW_000359,Innocent Simkonda,,,,,active
CAF_MW_000825,Gerald Banda,,,,,active
CAF_MW_000360,Mathews Kumwenda,,,,,active
CAF_MW_000826,Tiyamike Phiri,,,,,active
CAF_MW_000361,Brian Phiri,,,,,active
CAF_MW_000827,Frank Nkhata,,,,,active
CAF_MW_000362,Kondwani Chaula,,,,,active
CAF_MW_000828,Davie Saka,,,,,active
CAF_MW_000363,Limbitso Chimanjamanja,,,,,active
CAF_MW_000829,Wonderful Phiri,,,,,active
CAF_MW_000364,Alex White,,,,,active
CAF_MW_000830,Chikondi Banda,,,,,active
CAF_MW_000365,Richard Salima,,,,,active
CAF_MW_000831,Pias Chikhadzika,,,,,active
CAF_MW_000366,Ibrahim Rosisky,,,,,active
CAF_MW_000832,Chisomo Yakobe,,,,,active
CAF_MW_000367,Yamikani Davie,,,,,active
CAF_MW_000833,Frank Kasalika,,,,,active
CAF_MW_000368,Madalitso Chisale,,,,,active
CAF_MW_000834,Chisomo Saint,,,,,active
CAF_MW_000369,Benson Felix,,,,,active
CAF_MW_000835,Kumbukani Bufote,,,,,active
CAF_MW_000370,George Western,,,,,active
CAF_MW_000836,Hussein Abdul,,,,,active
CAF_MW_000371,Aubrey Nkhoma,,,,,active
CAF_MW_000837,Horace Banda,,,,,active
CAF_MW_000372,Anafi Alick,,,,,active
CAF_MW_000838,Kelvin Mustafa,,,,,active
CAF_MW_000373,Magaisa,,,,,active
CAF_MW_000839,Michael Ng'oma,,,,,active
CAF_MW_000374,Chikumbutso,,,,,active
CAF_MW_000840,Jafali John,,,,,active
CAF_MW_000375,Richard Esau,,,,,active
CAF_MW_000841,Centala Maliseni,,,,,active
CAF_MW_000376,Chimwemwe Mkule,,,,,active
CAF_MW_000842,Bright Mtawali,,,,,active
CAF_MW_000377,Blessings Phiri,,,,,active
CAF_MW_000843,Patrick Malenguka,,,,,active
CAF_MW_000378,Gift Macheso,,,,,active
CAF_MW_000844,Austin Gerald,,,,,active
CAF_MW_000379,Austin Malamia,,,,,active
CAF_MW_000845,James Ching'amba,,,,,active
CAF_MW_000380,Levisoni Bango,,,,,active
CAF_MW_000846,Sherif Watch,,,,,active
CAF_MW_000381,Alufeyo Nyirenda,,,,,active
CAF_MW_000847,Watson Chidzala,,,,,active
CAF_MW_000382,Jolly Mfune,,,,,active
CAF_MW_000848,Ausward Munthali,,,,,active
CAF_MW_000383,Stuart Longwe,,,,,active
CAF_MW_000849,Stephano George,,,,,active
CAF_MW_000384,Esau Dobie,,,,,active
CAF_MW_000850,Dominic Cosmas,,,,,active
CAF_MW_000385,Sam Sale,,,,,active
CAF_MW_000851,Dennis Chembezi,,,,,active
CAF_MW_000386,Kingsley Mvula,,,,,active
CAF_MW_000852,Chifundo Mphasi,,,,,active
CAF_MW_000387,Luke Jere,,,,,active
CAF_MW_000853,Washall Jaziya,,,,,active
CAF_MW_000388,Tyson Kaunda,,,,,active
CAF_MW_000854,Christopher Kumwembe,,,,,active
CAF_MW_000389,Mustafa Tandwe,,,,,active
CAF_MW_000855,Francisco Madinga,,,,,active
CAF_MW_000390,Dziwani Kulemeka,,,,,active
CAF_MW_000856,Luciano Rundles,,,,,active
CAF_MW_000391,Prince Banda,,,,,active
CAF_MW_000857,Jones Chinawa,,,,,active
CAF_MW_000392,William Bwemba,,,,,active
CAF_MW_000858,Yusufu Mdala,,,,,active
CAF_MW_000393,Jackson Wahita,,,,,active
CAF_MW_000859,Dani Banda,,,,,active
CAF_MW_000394,Henry Manduwa,,,,,active
CAF_MW_000860,Yamikani Luka,,,,,active
CAF_MW_000395,Henry Manduwa,,,,,active
CAF_MW_000861,Luseni Yamikan,,,,,active
CAF_MW_000396,Blessings Jackson,,,,,active
CAF_MW_000862,Brino Banda,,,,,active
CAF_MW_000397,Hope Kasinja,,,,,active
CAF_MW_000863,Raffick Banda,,,,,active
CAF_MW_000398,Jolamu Joseph,,,,,active
CAF_MW_000864,Thom Criopher,,,,,active
CAF_MW_000399,Alufale Chande,,,,,active
CAF_MW_000865,Daniel Marko,,,,,active
CAF_MW_000400,Noah Hunt,,,,,active
CAF_MW_000866,Chisomo Tembo,,,,,active
CAF_MW_000401,George Mboma,,,,,active
CAF_MW_000867,Harold Mayinala,,,,,active
CAF_MW_000402,Peter Banda,,,,,active
CAF_MW_000868,Chisomo Kabota,,,,,active
CAF_MW_000403,Saulos Moyo,,,,,active
CAF_MW_000869,Junior Zamandi,,,,,active
CAF_MW_000404,Sama Thierry Tanjong,,,,,active
CAF_MW_000870,Bornface Gama,,,,,active
CAF_MW_000405,Clement Kaseka,,,,,active
CAF_MW_000871,Chiponde Bekie,,,,,active
CAF_MW_000406,Newman Mwamusamale,,,,,active
CAF_MW_000872,Kamzati Lawrence,,,,,active
CAF_MW_000407,Blessings Mfune,,,,,active
CAF_MW_000873,Kondwani Joseph,,,,,active
CAF_MW_000408,Blessings Mfune,,,,,active
CAF_MW_000874,Potifer Banda,,,,,active
CAF_MW_000409,Jerphason Kanyenda,,,,,active
CAF_MW_000875,Amos Banda,,,,,active
CAF_MW_000410,Jason Moyo,,,,,active
CAF_MW_000876,Billy Makonokaya,,,,,active
CAF_MW_000411,Christian Maluwa,,,,,active
CAF_MW_000877,Jeffrey Tika,,,,,active
CAF_MW_000412,Ulunji Zgambo,,,,,active
CAF_MW_000878,Chisomo Nkhungwa,,,,,active
CAF_MW_000413,Rodrick Maluzu,,,,,active
CAF_MW_000879,Chifuniro Dave,,,,,active
CAF_MW_000414,Fatsani Chiusiwa,,,,,active
CAF_MW_000880,Elias Lehman,,,,,active
CAF_MW_000415,Yanbo Kambalu,,,,,active
CAF_MW_000881,Precious Msofi,,,,,active
CAF_MW_000416,Francis Kadango,,,,,active
CAF_MW_000882,Peter Kapepe,,,,,active
CAF_MW_000417,Zaha M'bawa,,,,,active
CAF_MW_000883,Chisomo Kajani,,,,,active
CAF_MW_000418,Zaha M'bawa,,,,,active
CAF_MW_000884,Ahad Mpapalika,,,,,active
CAF_MW_000419,Ishmael Saidi,,,,,active
CAF_MW_000885,Khumbo Msiska,,,,,active
CAF_MW_000420,Aaron Yohane,,,,,active
CAF_MW_000886,Chifundo Banda,,,,,active
CAF_MW_000421,Gift Gomez,,,,,active
CAF_MW_000887,Joseph Msowoya,,,,,active
CAF_MW_000422,Chisomo Saenda,,,,,active
CAF_MW_000888,Gracious Chavula,,,,,active
CAF_MW_000423,Gift Gomez,,,,,active
CAF_MW_000889,Joshua Gondwe,,,,,active
CAF_MW_000424,Yelemiya Phiri,,,,,active
CAF_MW_000890,Smith Kadenge,,,,,active
CAF_MW_000425,Benson Moses,,,,,active
CAF_MW_000891,Moses Mtambo,,,,,active
CAF_MW_000426,Gift Gomez,,,,,active
CAF_MW_000892,Opportunity Kalua,,,,,active
CAF_MW_000427,Chisomo Saenda,,,,,active
CAF_MW_000893,Wayson Mwanza,,,,,active
CAF_MW_000428,Davie Mwanza,,,,,active
CAF_MW_000894,Blessings Chigo,,,,,active
CAF_MW_000429,Gracious Yasin,,,,,active
CAF_MW_000895,Chimwemwe Khonje,,,,,active
CAF_MW_000430,Limbani Kamanga,,,,,active
CAF_MW_000896,Innocent Chipofya,,,,,active
CAF_MW_000431,Chisomo Mygha,,,,,active
CAF_MW_000897,Joseph Msiska,,,,,active
CAF_MW_000432,Clifton Lemos,,,,,active
CAF_MW_000433,Gaddie Chirwa,,,,,active
CAF_MW_000898,"FulltimSteven Phiri,Dickens Nyirenda, Benjamin Nyirenda, Timothy Katapa",,,,,active
CAF_MW_000434,Nickson Mwase,,,,,active
CAF_MW_000899,"Steven Phiri,Dickens Nyirenda, Benjamin Nyirenda, Timothy Katapa",,,,,active
CAF_MW_000900,Mayamiko Chiusiwa,,,,,active
CAF_MW_000435,Happy Henderson,,,,,active
CAF_MW_000901,Movert Katapa,,,,,active
CAF_MW_000436,Gift Phiri,,,,,active
CAF_MW_000902,Laban Longwe,,,,,active
CAF_MW_000437,Wongani Kamanga,,,,,active
CAF_MW_000903,Patrick Jiya,,,,,active
CAF_MW_000438,Rashid Daah,,,,,active
CAF_MW_000904,Benjamin Nyirenda,,,,,active
CAF_MW_000439,Nicholas Kalondole,,,,,active
CAF_MW_000905,Kumbukani Banya,,,,,active
CAF_MW_000440,Yusuf Adesola,,,,,active
CAF_MW_000906,Timothy Katapa,,,,,active
CAF_MW_000441,Baba Nkhoma,,,,,active
CAF_MW_000907,Expert Kamanga,,,,,active
CAF_MW_000442,Samani Nyirenda,,,,,active
CAF_MW_000908,Emmanuel Mkandawire,,,,,active
CAF_MW_000443,Frank Mwale,,,,,active
CAF_MW_000909,Charles Deya,,,,,active
CAF_MW_000444,Essau Ngwira,,,,,active
CAF_MW_000910,Harry Barton,,,,,active
CAF_MW_000445,Chikondi Saka,,,,,active
CAF_MW_000911,Francis Phiri,,,,,active
CAF_MW_000446,Chikondi Nyirenda,,,,,active
CAF_MW_000912,Jordan Chirwa,,,,,active
CAF_MW_000447,Edwin Nyirenda,,,,,active
CAF_MW_000913,Daniel Scuka,,,,,active
CAF_MW_000448,Duncan Mpoha,,,,,active
CAF_MW_000914,Tinashe Kasambala,,,,,active
CAF_MW_000449,Sydney Mhone,,,,,active
CAF_MW_000915,Hadji Mabvuto,,,,,active
CAF_MW_000450,Issa Hassan,,,,,active
CAF_MW_000916,France Mwalwanda,,,,,active
CAF_MW_000451,Austine Ngoma,,,,,active
CAF_MW_000917,Julie Stokyo,,,,,active
CAF_MW_000452,Steven Phiri,,,,,active
CAF_MW_000918,Precious Nyirenda,,,,,active
CAF_MW_000453,Emanuel Nkawa,,,,,active
CAF_MW_000919,Innocent Chirwa,,,,,active
CAF_MW_000454,Justice Mahilasi,,,,,active
CAF_MW_000920,Simon Gama,,,,,active
CAF_MW_000455,Frank Mlimanjira,,,,,active
CAF_MW_000921,Amos Nyirenda,,,,,active
CAF_MW_000456,Chikumbutso Makoloni,,,,,active
CAF_MW_000922,Lameck Tchuwa,,,,,active
CAF_MW_000457,Henry Justin,,,,,active
CAF_MW_000923,Joshua Ziba,,,,,active
CAF_MW_000458,Grey Dickson,,,,,active
CAF_MW_000924,Blessings Chigonjetso,,,,,active
CAF_MW_000459,George Chikooka,,,,,active
CAF_MW_000925,Lameck Thindwa,,,,,active
CAF_MW_000460,Thomas Selemani,,,,,active
CAF_MW_000926,Daniel Chirwa,,,,,active
CAF_MW_000461,Emmanual Allan,,,,,active
CAF_MW_000927,James Gama,,,,,active
CAF_MW_000462,Chifundo Molosen,,,,,active
CAF_MW_000928,Smith Kadenge Luhanga,,,,,active
CAF_MW_000463,Luke Chima,,,,,active
CAF_MW_000929,Okyster Kanyenda,,,,,active
CAF_MW_000464,Boniface Ndamera,,,,,active
CAF_MW_000930,Gracious Mvula,,,,,active
CAF_MW_000465,Ibrahim Mitochi,,,,,active
CAF_MW_000931,Joshua Lukhere,,,,,active
CAF_MW_000466,Archangel Maloya,,,,,active
CAF_MW_000932,Joseph Gondwe,,,,,active
CAF_MW_000467,Figo Chilindiza,,,,,active
CAF_MW_000933,Jasper Nyirenda,,,,,active
CAF_MW_000468,Allie Amadu,,,,,active
CAF_MW_000934,Isaac Mvula,,,,,active
CAF_MW_000469,Andrew Mapemba,,,,,active
CAF_MW_000935,Maganizo Chunga,,,,,active
CAF_MW_000470,Rodrick Kasudza,,,,,active
CAF_MW_000936,Edson Banda,,,,,active
CAF_MW_000471,George Masewo,,,,,active
CAF_MW_000937,Jackson Mgemezulu,,,,,active
CAF_MW_000938,Umali Ali,,,,,active
CAF_MW_000939,Lazarus Ng'ambi,,,,,active
CAF_MW_000940,Precious Mwenda,,,,,active
CAF_MW_000941,Denis Kayira,,,,,active
CAF_MW_000942,Emmanuel Kosamu,,,,,active
CAF_MW_000943,Noel Mtika,,,,,active
CAF_MW_000944,Steven Mhango,,,,,active
CAF_MW_000945,Trust Namwira,,,,,active
CAF_MW_000946,Falili Mwambuli,,,,,active
CAF_MW_000947,Kazembe Mlenga,,,,,active
CAF_MW_000948,Patrick Kasimba,,,,,active
CAF_MW_000949,Osman Mfune,,,,,active
CAF_MW_000950,Jonathan Nyasulu,,,,,active
CAF_MW_000951,Louis Chunga,,,,,active
CAF_MW_000952,Gift Mbughi,,,,,active
CAF_MW_000953,Joseph Nyirenda,,,,,active
CAF_MW_000954,Benjamin Mtegha,,,,,active
CAF_MW_000955,Phinius Mwafulirwa,,,,,active
CAF_MW_000956,Jonathan Mumba,,,,,active
CAF_MW_000957,Yankho Harawa,,,,,active
CAF_MW_000958,Jones Zimba,,,,,active
CAF_MW_000959,Paul Thupa,,,,,active
CAF_MW_000960,Oscar Hara,,,,,active
CAF_MW_000961,Alex Kanyema,,,,,active
CAF_MW_000962,Denis Mwakionja,,,,,active
CAF_MW_000963,Matias Nkhata,,,,,active
CAF_MW_000964,Samuel Mbewe,,,,,active
CAF_MW_000965,Hastings Tchuwa,,,,,active
CAF_MW_000966,Denis Simfukwe,,,,,active
CAF_MW_000967,John Chavula,,,,,active
CAF_MW_000968,Frank Mughogho,,,,,active
CAF_MW_000969,Kelvin Singini,,,,,active
CAF_MW_000970,Yankho Gondwe,,,,,active
CAF_MW_000971,Gift Phiri,,,,,active
CAF_MW_000972,Steve Phiri,,,,,active
CAF_MW_000973,Mphatso Kamanga,,,,,active
CAF_MW_000974,Ephraim Chinula,,,,,active
CAF_MW_000975,Frank Sanudi,,,,,active
CAF_MW_000976,Clever Chikwata,,,,,active
CAF_MW_000977,Yamikan Alick,,,,,active
CAF_MW_000978,Davie Milazi,,,,,active
CAF_MW_000979,Chimwemwe Katumwe,,,,,active
CAF_MW_000980,Temwa Ndhlovu,,,,,active
CAF_MW_000981,Temwa Ndhloce,,,,,active
CAF_MW_000982,King Nyasulu,,,,,active
CAF_MW_000983,Wongani Mtika,,,,,active
CAF_MW_000984,Emmanuel Mtika,,,,,active
CAF_MW_000985,Angel Manda,,,,,active
CAF_MW_000986,Chifundo Banda,,,,,active
CAF_MW_000987,Vuoso Mvula,,,,,active
CAF_MW_000988,Vic Pota,,,,,active
CAF_MW_000989,Happy Chilenje,,,,,active
CAF_MW_000990,Mikaya Makoloni,,,,,active
CAF_MW_000991,Friend Phiri,,,,,active
CAF_MW_000992,Junior Laura,,,,,active
CAF_MW_000993,Wisdom Mchenga,,,,,active
CAF_MW_000994,Petros Mhango,,,,,active
CAF_MW_000995,Khwima Zgambo,,,,,active
CAF_MW_000996,Chawanangwa Sichinga,,,,,active
CAF_MW_000997,Moses Phiri,,,,,active
CAF_MW_000998,Matthews Mount,,,,,active
CAF_MW_000999,Innocent Chunga,,,,,active
CAF_MW_001000,Menson Mwakapenda,,,,,active
CAF_MW_001001,Haroon Omar,,,,,active
CAF_MW_001002,Innocent Chisale,,,,,active
CAF_MW_001003,Dickson Mpata,,,,,active
CAF_MW_001004,Rahim Issa,,,,,active
CAF_MW_001005,Samuel Mphande,,,,,active
CAF_MW_001006,Wisdom Sibale,,,,,active
CAF_MW_001007,Renard Panje,,,,,active
CAF_MW_001008,"Jomole Phiri, Given Mwandira",,,,,active
CAF_MW_001009,Daniel SIBALE,,,,,active
CAF_MW_001010,"Daniel SIBALE, Kingsley Mvula",,,,,active
CAF_MW_001011,Robin Chioko,,,,,active
CAF_MW_001012,"Robin Chioko,",,,,,active
CAF_MW_001013,Precious Chipunga,,,,,active
CAF_MW_001014,Samson Olatubosuni,,,,,active
CAF_MW_001015,Thomas Shabani,,,,,active
CAF_MW_001016,Stain Matengere,,,,,active
CAF_MW_001017,Mwai Banda,,,,,active
CAF_MW_001018,Isaac Ngulube,,,,,active
CAF_MW_001019,Phillip Mkandawire,,,,,active
CAF_MW_001020,Luckson Mwaita,,,,,active
CAF_MW_001021,Yamikani Luseni,,,,,active
CAF_MW_001022,Ibrahim Manyali,,,,,active
CAF_MW_001023,Bornidinio Mavuto,,,,,active
