team_id,club_id,gender,age_group,squad_level,display_name,legacy_code,status
MW_AB_M1,MW_AB,m,senior,3,Armour Battalion,CRFA_AB,active
MW_AR_M1,MW_AR,m,senior,3,Airborne Rangers FC,CRFA_AR,active
MW_BLUE_M2,MW_BLUE,m,senior,3,Blue Eagles Reserves,CRFA_BER,active
MW_CSFC_M1,MW_CSFC,m,senior,3,Chimbiya Stars FC,CRFA_CS,active
MW_KFC_M1,MW_KFC,m,senior,3,Kalembelembe FC,CRFA_KFC,active
MW_LFC_M1,MW_LFC,m,senior,3,Luanar FC,CRFA_LFC,active
MW_MC_M1,MW_MC,m,senior,3,Manzo Chisomo FC,CRFA_MC,active
MW_MPFC_M1,MW_MPFC,m,senior,3,Mponela FC,CRFA_MFC,active
MW_MCHS_M1,MW_MCHS,m,senior,3,Mchinji Strikers,CRFA_MS,active
MW_MU_M1,MW_MU,m,senior,3,Mbabzi United,CRFA_MU,active
MW_MV_M1,MW_MV,m,senior,3,Mchinji Villa FC,CRFA_MV,active
MW_NAA_M1,MW_NAA,m,senior,3,Ngw'Angw'Azi Wimbe FC,CRFA_NAA,active
MW_PFC_M1,MW_PFC,m,senior,3,Pyramid FC,CRFA_PFC,active
MW_SA_M1,MW_SA,m,senior,3,Santhe Admarc FC,CRFA_SA,active
MW_SS_M2,MW_SS,m,senior,3,Silver Strikers Reserves,CRFA_SSR,active
MW_TNS_M1,MW_TNS,m,senior,3,TN Stars,CRFA_TNS,active
MW_A_MU19,MW_A,m,u19,1,Airsport U19,KU19_A,active
MW_AS_MU19,MW_AS,m,u19,1,Agumbala Stars U19,KU19_AS,active
MW_BIA_MU19,MW_BIA,m,u19,1,Brothers in Arms U19,KU19_BIA,active
MW_CCS_MU19,MW_CCS,m,u19,1,CC Stars U19,KU19_CCS,active
MW_EFC_U19,MW_EFC,m,u19,1,Ekhaya U19,KU19_E,active
MW_EH_MU19,MW_EH,m,u19,1,Extending Hope U19,KU19_EH,active
MW_GS_MU19,MW_GS,m,u19,1,Griffin Stars U19,KU19_GS,active
MW_MM_MU19,MW_MM,m,u19,1,Manchester Motors U19,KU19_MM,active
MW_BULL_U19,MW_BULL,m,u19,1,Nyasa Big Bullets U19,KU19_NBB,active
MW_ND_MU19,MW_ND,m,u19,1,Ndirande Dortmund U19,KU19_ND,active
MW_NU_MU19,MW_NY,m,u19,1,Nyambadwe United U19,KU19_NU,active
MW_RU_MU19,MW_RU,m,u19,1,Rams United U19,KU19_RU,active
MW_SM_MU19,MW_SM,m,u19,1,Soche Madrid U19,KU19_SM,active
MW_MW_U19,MW_MW,m,u19,1,Wanderers U19,KU19_W,active
MW_YY_MU19,MW_YY,m,u19,1,Yizo Yizo U19,KU19_YY,active
MW_BAS_M1,MW_BAS,m,senior,2,Bangwe All Stars,NDL_BAS,active
MW_CB_M1,MW_CB,m,senior,2,Changalume Barracks,NDL_CB,active
MW_CBWE_M1,MW_CBWE,m,senior,2,Chilobwe United,NDL_CU,active
MW_EXFC_M1,MW_EXFC,m,senior,2,Extreme FC,NDL_EFC,active
MW_EU_M1,MW_EU,m,senior,2,Embangweni United,NDL_EU,active
MW_FFC_M1,MW_FFC,m,senior,2,FOMO FC,NDL_FFC,active
MW_MCH_M1,MW_MCH,m,senior,2,Mzuzu City Hammers FC,NDL_MCH,active
MW_MT_M1,MW_MT,m,senior,2,Mighty Tigers,NDL_MT,active
MW_NS_M1,MW_NS,m,senior,2,Ndirande Stars,NDL_NS,active
MW_NU_M1,MW_NU,m,senior,2,Ntaja United,NDL_NU,active
MW_NZ_M1,MW_NZ,m,senior,2,Namitete Zitha,NDL_NZ,active
MW_SBU_M1,MW_SBU,m,senior,2,Songwe Board United,NDL_SBU,active
MW_CAS_M1,MW_CAS,m,senior,3,Chihame All Stars FC,NRFA_CAS,active
MW_CHB_M1,MW_CHB,m,senior,3,Chilumba Barracks FC,NRFA_CB,active
MW_CHIP_M1,MW_CHIP,m,senior,3,Chipolopolo FC,NRFA_CFC,active
MW_CRS_M1,MW_CRS,m,senior,3,Chibavi Real Stars FC,NRFA_CRS,active
MW_CHIN_M1,MW_CHIN,m,senior,3,Chintheche United FC,NRFA_CU,active
MW_CZU_M1,MW_CZU,m,senior,3,Chizumulu United FC,NRFA_CZU,active
MW_EKW_M1,MW_EKW,m,senior,3,Ekwendeni FC,NRFA_EFC,active
MW_EV_M1,MW_EV,m,senior,3,Euthini Veterans FC,NRFA_EV,active
MW_JU_M1,MW_JU,m,senior,3,Jenda United FC,NRFA_JU,active
MW_LVFC_M1,MW_LVFC,m,senior,3,Luviri FC FC,NRFA_LFC,active
MW_LUMA_M1,MW_LUMA,m,senior,3,Lube Masters FC,NRFA_LM,active
MW_MAFU_M1,MW_MAFU,m,senior,3,MAFU FC,NRFA_MFC,active
MW_MMW_M1,MW_MMW,m,senior,3,Mmbelwa Warriors FC,NRFA_MW,active
MW_RFC_M1,MW_RFC,m,senior,3,Raiply FC,NRFA_RFC,active
MW_VSA_M1,MW_VSA,m,senior,3,Vision S Academy,NRFA_VSA,active
MW_BLUE_M1,MW_BLUE,m,senior,1,Blue Eagles,SL_BE,active
MW_CS_M1,MW_CS,m,senior,1,Creck Sporting,SL_CS,active
MW_CSU_M1,MW_CSU,m,senior,1,Civil Service United,SL_CSU,active
MW_CU_M1,MW_CU,m,senior,1,Chitipa United,SL_CU,active
MW_EFC_M1,MW_EFC,m,senior,1,Ekhaya FC,SL_EFC,active
MW_DD_M1,MW_DD,m,senior,1,Goshen City Dedza Dynamos,SL_GSD,active
MW_KB_M1,MW_KB,m,senior,1,Kamuzu Barracks,SL_KB,active
MW_KU_M1,MW_KU,m,senior,1,Karonga United,SL_KU,active
MW_LM_M1,MW_LM,m,senior,1,Luanar Mitundu,SL_LM,active
MW_MAFC_M1,MW_MAFC,m,senior,1,MAFCO F.C.,SL_MAF,active
MW_MB_M1,MW_MB,m,senior,1,Moyale Barracks,SL_MB,active
MW_MFC_M1,MW_MFC,m,senior,1,Masters FC,SL_MFC,active
MW_MW_M1,MW_MW,m,senior,1,Mighty Wanderers,SL_MW,active
MW_BULL_M1,MW_BULL,m,senior,1,Nyasa Big Bullets,SL_NBB,active
MW_REDL_M1,MW_REDL,m,senior,1,Red Lions,SL_RL,active
MW_SS_M1,MW_SS,m,senior,1,Silver Strikers,SL_SS,active
MW_CFC_M1,MW_CFC,m,senior,3,Chilomoni FC,SRFA_CFC,active
MW_CHIR_M1,MW_CHIR,m,senior,3,Chiradzulu United,SRFA_CU,active
MW_EFC_M2,MW_EFC,m,senior,3,Ekhaya Reserve,SRFA_ER,active
MW_FCT_M1,MW_FCT,m,senior,3,FC Thondwe,SRFA_FCT,active
MW_IFC_M1,MW_IFC,m,senior,3,Immigration FC,SRFA_IFC,active
MW_LBTY_M1,MW_LBTY,m,senior,3,Liberty FC,SRFA_LFC,active
MW_MS_M1,MW_MS,m,senior,3,Mwanza Stars,SRFA_MS,active
MW_MWU_M1,MW_MWU,m,senior,3,Mwanza United,SRFA_MU,active
MW_BULL_M2,MW_BULL,m,senior,3,Nyasa Big Bullets Reserve,SRFA_NBB,active
MW_NFC_M1,MW_NFC,m,senior,3,Ntopwa FC,SRFA_NFC,active
MW_NCH_M1,MW_NCH,m,senior,3,Nchima United,SRFA_NU,active
MW_NY_M1,MW_NY,m,senior,3,Nyambadwe United,SRFA_NY,active
MW_QAS_M1,MW_QAS,m,senior,3,QPL All Stars,SRFA_QAS,active
MW_TB_M1,MW_TB,m,senior,3,The Boyz SFC,SRFA_TB,active
MW_MW_M2,MW_MW,m,senior,3,Wanderers Reserve,SRFA_WR,active
MW_ZU_M1,MW_ZU,m,senior,3,Zingwangwa United,SRFA_ZU,active
MW_CUNI_M1,MW_CUNI,m,senior,4,Catholic University,SRFA2_CU,active
MW_GU_M1,MW_GU,m,senior,4,Gada United,SRFA2_GU,active
MW_H_M1,MW_H,m,senior,4,Hardknockers,SRFA2_H,active
MW_LIM_M1,MW_LIM,m,senior,4,Limbe Sporting,SRFA2_LIM,active
MW_LUN_M1,MW_LUN,m,senior,4,Lunzu Sundowns,SRFA2_LUN,active
MW_MAS_M1,MW_MAS,m,senior,4,Mazabuka All Stars,SRFA2_MAS,active
MW_MNTI_M1,MW_MNTI,m,senior,4,Mnthunzi FC,SRFA2_MFC,active
MW_MICH_M1,MW_MICH,m,senior,4,Michigan Select,SRFA2_MS,active
MW_MUB_M1,MW_MUB,m,senior,4,MUBAS,SRFA2_MUB,active
MW_MYS_M1,MW_MYS,m,senior,4,Mpemba Young Soccer,SRFA2_MYS,active
MW_NYG_M1,MW_NYG,m,senior,4,Neno Young Giants,SRFA2_NYG,active
MW_POYA_M1,MW_POYA,m,senior,4,Poya FC,SRFA2_PFC,active
MW_PSS_M1,MW_PSS,m,senior,4,PS Sporting,SRFA2_PSS,active
MW_U16_BFC,MW_U16_BFC,m,u16,1,Blantyre FC U16,U16_BFC,active
MW_U16_BLU,MW_U16_BLU,m,u16,1,Blantyre United U16,U16_BLU,active
MW_U16_CWW,MW_U16_CWW,m,u16,1,Chikwawa U16,U16_CWW,active
MW_U16_LA,MW_U16_LA,m,u16,1,Liwonde Athletic U16,U16_LA,active
MW_U16_LFC,MW_U16_LFC,m,u16,1,Lunzu FC U16,U16_LFC,active
MW_U16_LLC,MW_U16_LLC,m,u16,1,Lilongwe City U16,U16_LLC,active
MW_U16_MFC,MW_U16_MFC,m,u16,1,Mwanza FC U16,U16_MFC,active
MW_U16_MU,MW_U16_MU,m,u16,1,Machinga United U16,U16_MU,active
MW_U16_MZU,MW_U16_MZU,m,u16,1,Mzuzu FC U16,U16_MZU,active
MW_U16_SMU,MW_U16_SMU,m,u16,1,South Malawi United U16,U16_SMU,active
MW_U16_ZOM,MW_U16_ZOM,m,u16,1,FC Zomba U16,U16_ZOM,active
MW_U16_ZU,MW_U16_ZU,m,u16,1,Zomba United U16,U16_ZU,active
MW_ASA_W1,MW_ASA,w,senior,1,Ascent Soccer-Academy,WP_ASA,active
MW_CSUW_W1,MW_CSU,w,senior,1,Civil Service Women,WP_CSW,active
MW_KNW_W1,MW_KNW,w,senior,1,Kukoma Ntopwa Women,WP_KNW,active
MW_MDF_W1,MW_MDF,w,senior,1,MDF Lioness,WP_MDF,active
MW_MKA_W1,MW_MKA,w,senior,1,MK Academy Women,WP_MKA,active
MW_MB_W1,MW_MB,w,senior,1,Moyale Sisters,WP_MS,active
MW_MW_W1,MW_MW,w,senior,1,Mighty Wanderers Queens,WP_MWQ,active
MW_BULL_W1,MW_BULL,w,senior,1,Nyasa Big Bullets Women,WP_NBB,active
MW_SS_W1,MW_SS,w,senior,1,Silver Strikers Ladies,WP_SSL,active
MW_TA_W1,MW_TA,w,senior,1,Topik Academy,WP_TA,active
MW_MT_M2,MW_MT,m,senior,4,Tigers Reserves,,active
MW_THYO_M1,MW_THYO,m,senior,4,Thyolo United,,active
MW_LIKUNI_M1,MW_LIKUNI,m,senior,4,Likuni FC,,active
MW_MIKUNDI_M1,MW_MIKUNDI,m,senior,4,Mikundi FC,,active
MW_GANN_M1,MW_GANN,m,senior,4,Ganners FC,,active
MW_CS_M2,MW_CS,m,senior,4,Creck Sporting Reserves,,active
MW_BOBOMB_M1,MW_BOBOMB,m,senior,4,Balang'Ombre Bombers,,active
MW_SALSPA_M1,MW_SALSPA,m,senior,4,Salima Sparrows,,active
MW_SIMBI_M1,MW_SIMBI,m,senior,4,Simbi FC,,active
MW_MSPIRATE_M1,MW_MSPIRATE,m,senior,4,Make Sure Pirates,,active
MW_KASASUN_M1,MW_KASASUN,m,senior,4,Kasakula Sundowns,,active
MW_CSU_M2,MW_CSU,m,senior,4,Civil Service Reserves,,active
MW_MTHUN_M1,MW_MTHUN,m,senior,4,Mthunthama Young Squad,,active
MW_LOBIYS_M1,MW_LOBIYS,m,senior,4,Lobi Young Soccer FC,,active
MW_YOUNGT_M1,MW_YOUNGT,m,senior,4,Young Talent,,active
MW_DWANGWA_M1,MW_DWANGWA,m,senior,4,Dwangwa United,,active
MW_CHIGU_A_MU16,MW_CHIGU_A,m,u16,1,Chigumula Academy U16,,active
MW_ASSIMA_MU16,MW_ASSIMA,m,u16,1,ASSIMA U16,,active
MW_CHITS_U_MU16,MW_CHITS_U,m,u16,1,Chitsanya United U16,,active
MW_BCSD_MU16,MW_BCSD,m,u16,1,BCSD U16,,active
MW_MTOPWA_MU16,MW_MTOPWA,m,u16,1,Mtopwa U16,,active
MW_BFC_MU16,MW_BFC,m,u16,1,Blantyre FC U16,,active
MW_NTH_ACA_MU16,MW_NTH_ACA,m,u16,1,Nthutha Academy U16,,active
MW_MISSION_MU16,MW_MISSION,m,u16,1,Mission BT U16,,active
MW_GENESIS_MU16,MW_GENESIS,m,u16,1,Genesis U16,,active
MW_MPINGWE_MU16,MW_MPINGWE,m,u16,1,Mpingwe United U16,,active
MW_GREEN_MU16,MW_GREEN,m,u16,1,Green Stars U16,,active
MW_FUTURE_MU16,MW_FUTURE,m,u16,1,Future Stars U16,,active
MW_KA_M1,MW_KA,m,u14,1,Kangaroo Academy U14,,
MW_KAKA_MU16,MW_KAKA,m,u16,1,Kaka Young Soccer U16,,active
MW_GR_M1,MW_GR,m,u14,1,Ginger Rhizome U14,,
MW_NEWLANDS_MU16,MW_NEWLANDS,m,u16,1,Young Snipers U16,,active
MW_LB_M1,MW_LB,m,u14,1,Last Babies U14,,
MW_SM_MU16,MW_SM,m,u16,1,Soche Madrid U16,,active
MW_MTOPWA_M1,MW_MTOPWA,m,u14,1,Mtopwa U14,,
MW_CCS_MU16,MW_CCS,m,u16,1,CC Stars U16,,active
MW_APOS_M1,MW_APOS,m,senior,4,Apostle Hulhda FC,,active
MW_TACH_M1,MW_TACH,m,u14,1,Tachila FC U14,,
MW_DYER_M1,MW_DYER,m,senior,4,Dyeratu FC,,active
MW_ZA_M1,MW_ZA,m,u14,1,Zarie Academy U14,,
MW_ERGO_M1,MW_ERGO,m,senior,4,Ergo FC,,active
MW_JA_M1,MW_JA,m,u14,1,JZ Academy U14,,
MW_MPHA_M1,MW_MPHA,m,senior,4,Mphangala FC,,active
MW_RE_M1,MW_RE,m,u14,1,Red Eagles U14,,
MW_CHIG_M1,MW_CHIG,m,u14,1,Chigumula U14,,
MW_BIA_M1,MW_BIA,m,u14,1,Brothers in Arms U14,,
MW_ASSIMA_M1,MW_ASSIMA,m,u14,1,Assima U14,,
MW_FU_M1,MW_FU,m,u14,1,Federation United U14,,
MW_NTH_ACA_M1,MW_NTH_ACA,m,u14,1,Nthutha Academy U14,,
MW_LA_M1,MW_LA,m,u14,1,Lunzu Academy U14,,
MW_SB_M1,MW_SB,m,u14,1,Super Boys U14,,
MW_HEBW_M1,MW_HEBW,m,u14,1,High Energy Brave Warriors U14,,
MW_MA_M1,MW_MA,m,u20,1,MK Academy U20,,
MW_A1A_M1,MW_A1A,m,u20,1,Area 1B Academy U20,,
MW_MMM_M1,MW_MMM,m,u20,1,Mpira mmudzi mwathu U20,,
MW_YB_M1,MW_YB,m,u20,1,Young Buffaloes U20,,
MW_VFA_M1,MW_VFA,m,u20,1,Vuwa Football Academy U20,,
MW_MWH_M1,MW_MWH,m,u20,1,Mseteka Welding Hammers U20,,
MW_CRS2_M1,MW_CRS2,m,u20,1,Chibavi Real stars U20,,
MW_GS2_M1,MW_GS2,m,u20,1,Golden Stars U20,,
MW_VA_M1,MW_VA,m,u20,1,Vision Academy U20,,
MW_MCHY_M1,MW_MCHY,m,u20,1,Mzuzu City Hammers Youth U20,,
MW_MT2_M1,MW_MT2,m,u20,1,Mzuzu Tigers U20,,
MW_CP_M1,MW_CP,m,u20,1,Chibavi Police U20,,
MW_CU2_M1,MW_CU2,m,u20,1,Chiputula United U20,,
MW_TA_M1,MW_TA,m,u20,1,Topik Academy U20,,
MW_MA2_M1,MW_MA2,m,u20,1,Mzuzu Academy U20,,
MW_KU2_M1,MW_KU2,m,u20,1,Katoto United U20,,
MW_VSA2_M1,MW_VSA2,m,u14,1,Vision Soccer Academy U14,,
MW_VA2_M1,MW_VA2,m,u14,1,Vuwa Academy U14,,
MW_HW_M1,MW_HW,m,u14,1,Hive Warriors U14,,
MW_GA_M1,MW_GA,m,u14,1,Geisha Academy U14,,
MW_MW2_M1,MW_MW2,m,u14,1,Mseteka Welding U14,,
MW_CA_M1,MW_CA,m,u14,1,Cyclones Academy U14,,
MW_HY_M1,MW_HY,m,u14,1,Hammers Youth U14,,
MW_HU_M1,MW_HU,m,u14,1,Hilltop United U14,,
MW_NU2_M1,MW_NU2,m,senior,1,Nthalire United,,
MW_MZWA_M1,MW_MZWA,m,senior,1,Mzwawa FC,,
MW_WOVW_M1,MW_WOVW,m,senior,1,Wovwe FC,,
MW_KAPO_M1,MW_KAPO,m,senior,1,Kapotolora FC,,
MW_MHUJ_M1,MW_MHUJ,m,senior,1,Mhuju FC,,
MW_AS2_M1,MW_AS2,m,senior,1,Air Sport FC,,
MW_THUM_M1,MW_THUM,m,senior,1,Thumbi FC,,
MW_MPHO_M1,MW_MPHO,m,senior,1,Mphompha FC,,
MW_CHIT_M1,MW_CHIT,m,senior,1,Chitokoto FC,,
MW_NAD_M1,MW_NAD,m,senior,1,NAD FC,,
MW_BU_M1,MW_BU,m,senior,1,Bwabwa United,,
MW_KAMS_M1,MW_KAMS,m,senior,1,Kamsolo FC,,
MW_EA_M1,MW_EA,m,senior,1,Euthin Arrows FC,,
MW_CHAM_M1,MW_CHAM,m,senior,1,Chamaliwa FC,,
MW_MADE_M1,MW_MADE,m,senior,1,Madede FC,,
MW_MALI_M1,MW_MALI,m,senior,1,Malidade FC,,
MW_TR_M1,MW_TR,m,senior,1,Tough Rangers,,
MW_SU_M1,MW_SU,m,senior,1,Sonda United,,
MW_MR_M1,MW_MR,m,senior,1,Moyale Reserve FC,,
MW_BS_M1,MW_BS,m,senior,1,Blue Spot FC,,
MW_MTR_M1,MW_MTR,m,senior,1,Mzuzu Town Rangers,,
MW_MA3_M1,MW_MA3,m,senior,1,Masamba Asiyana FC,,
MW_CHIP2_M1,MW_CHIP2,m,senior,1,Chipelembe FC,,
MW_LIKO_M1,MW_LIKO,m,senior,1,Likoma FC,,
MW_SOLO_M1,MW_SOLO,m,senior,1,Solora FC,,
MW_CR_M1,MW_CR,m,senior,1,Chikaya Rangers,,
MW_KHK_M1,MW_KHK,m,senior,1,Kazomba Hard Knockers,,
MW_DB_M1,MW_DB,m,senior,1,Danger Boys FC,,
MW_ESIG_M1,MW_ESIG,m,senior,1,Esigohlen FC,,
MW_LUWE_M1,MW_LUWE,m,senior,1,Luwerezi FC,,
MW_KHOS_M1,MW_KHOS,m,senior,1,Khosolo FC,,
MW_MU2_M1,MW_MU2,m,senior,1,Mzimba United FC,,
MW_MGU_M1,MW_MGU,m,u14,1,MH Galaxy U14,,
MW_MUU_M1,MW_MUU,m,u14,1,MH United U14,,
MW_MAU_M1,MW_MAU,m,u14,1,Muft Abbas U14,,
MW_MU3_M1,MW_MU3,m,u14,1,Mpondas U14,,
MW_MU4_M1,MW_MU4,m,u14,1,Mgundaphiri U14,,
MW_GU2_M1,MW_GU2,m,u14,1,Grassland FC U14,,
MW_TVU_M1,MW_TVU,m,u14,1,Team Viewer FC U14,,
MW_AU_M1,MW_AU,m,u14,1,Adidya U14,,
MW_MVU_M1,MW_MVU,m,u14,1,MH Villa U14,,
MW_AU2_M1,MW_AU2,m,u14,1,Aseleka U14,,
MW_UKAU_M1,MW_UKAU,m,u14,1,Uwe Kicks Academy U14,,
MW_MU5_M1,MW_MU5,m,u14,1,Mtimbanje U14,,
MW_MUU2_M1,MW_MUU2,m,u20,1,MH United FC U20,,
MW_AAU_M1,MW_AAU,m,u20,1,Adidya Academy U20,,
MW_MVU2_M1,MW_MVU2,m,u20,1,MH Villa FC U20,,
MW_CU3_M1,MW_CU3,m,u20,1,Chipoka U20,,
MW_MGU2_M1,MW_MGU2,m,u20,1,MH Galaxy FC U20,,
MW_PUU_M1,MW_PUU,m,u20,1,Prison United U20,,
MW_MU6_M1,MW_MU6,m,u20,1,Mtimbanje FC U20,,
MW_ZU2_M1,MW_ZU2,m,u20,1,Zonde FC U20,,
MW_YWU_M1,MW_YWU,m,u20,1,Young Warriors U20,,
MW_SAU_M1,MW_SAU,m,u20,1,Saint Academy U20,,
MW_MGRU_M1,MW_MGRU,m,u16,1,MH Galaxy Reserve U16,,
MW_MVRU_M1,MW_MVRU,m,u16,1,MH Villa Reserve U16,,
MW_MRU_M1,MW_MRU,m,u16,1,Mtimbanje Reserve U16,,
MW_MU7_M1,MW_MU7,m,u16,1,Mpondas FC U16,,
MW_MU8_M1,MW_MU8,m,u16,1,Mgundaphiri FC U16,,
MW_CRU_M1,MW_CRU,m,u16,1,Chipoka Reserve U16,,
MW_MAAU_M1,MW_MAAU,m,u16,1,Muft Abbas Academy U16,,
MW_AAU2_M1,MW_AAU2,m,u16,1,Aseleka Academy U16,,
MW_ARU_M1,MW_ARU,m,u16,1,Adidya Reserve U16,,
MW_PURU_M1,MW_PURU,m,u16,1,Prison United Reserve U16,,
MW_EAU_M1,MW_EAU,m,u16,1,El'Simango Academy U16,,
MW_YWRU_M1,MW_YWRU,m,u16,1,Young Warriors Reserve U16,,
MW_CA_MU16,MW_CA,m,u16,1,Cyclones Academy U16,,active
MW_CRS2_MU16,MW_CRS2,m,u16,1,Chibavi Real stars U16,,active
MW_MW2_MU16,MW_MW2,m,u16,1,Mseteka Welding U16,,active
MW_GS2_MU16,MW_GS2,m,u16,1,Golden Stars U16,,active
MW_TA_MU16,MW_TA,m,u16,1,Topik Academy U16,,active
MW_A1A_MU16,MW_A1A,m,u16,1,Area 1B Academy U16,,active
MW_VSA2_MU16,MW_VSA2,m,u16,1,Vision Soccer Academy U16,,active
MW_MA2_MU16,MW_MA2,m,u16,1,Mzuzu Academy U16,,active
MW_MT2_MU16,MW_MT2,m,u16,1,Mzuzu Tigers U16,,active
MW_VA2_MU16,MW_VA2,m,u16,1,Vuwa Academy U16,,active
MW_YB_MU16,MW_YB,m,u16,1,Young Buffaloes U16,,active
MW_CU2_MU16,MW_CU2,m,u16,1,Chiputula United U16,,active
MW_MA_MU16,MW_MA,m,u16,1,MK Academy U16,,active
MW_A1A_MU14,MW_A1A,m,u14,1,Area 1B Academy U14,,active
MW_MA_MU14,MW_MA,m,u14,1,MK Academy U14,,active
MW_MT2_MU14,MW_MT2,m,u14,1,Mzuzu Tigers U14,,active
MW_CU2_MU14,MW_CU2,m,u14,1,Chiputula United U14,,active
MW_YB_MU14,MW_YB,m,u14,1,Young Buffaloes U14,,active
MW_TA_MU14,MW_TA,m,u14,1,Topik Academy U14,,active
MW_GS2_MU14,MW_GS2,m,u14,1,Golden Stars U14,,active
MW_CRS2_MU14,MW_CRS2,m,u14,1,Chibavi Real stars U14,,active
MW_KU2_MU16,MW_KU2,m,u16,1,Katoto United U16,,active
MW_MCHY_MU16,MW_MCHY,m,u16,1,Mzuzu City Hammers U16,,active
MW_MMM_MU16,MW_MMM,m,u16,1,Mpira mmudzi mwathu U16,,active
